Language,Strategy,Submissions,Share_Pct,Total_Allocated_GB,Total_Used_GB,Total_Wasted_GB,Wasted_Percentage,Memory_Saved_vs_Baseline_GB,Memory_Savings_Pct,Avg_Allocated_Cores,Total_Core_Hours,Avg_CPU_Time_ms,Avg_Container_Wall_ms,Avg_E2E_Request_To_Verdict_ms,P95_Turnaround_ms,Live_Promotions,Promotion_Rate_Pct,Tier_MiB
CPP,Baseline,6743,67.4,13486.0,71.52,13414.48,99.47,0.0,0.0,2.0,4.567,115.7,1219.1,1238.0,1514.1,0,0.0,256
CPP,Predictive,6743,67.4,9888.0,68.47,9819.53,99.31,3598.0,26.68,1.7,3.886,116.1,1215.5,1237.6,1507.8,0,0.0,256
CPP,Reactive,6743,67.4,1685.75,69.63,1616.12,95.87,11800.25,87.5,1.0,2.279,116.4,1216.8,1247.0,1526.8,0,0.0,256
CPP,Hybrid,6743,67.4,9888.0,70.6,9817.4,99.29,3598.0,26.68,1.7,3.886,115.5,1216.3,1238.7,1512.8,0,0.0,256
JAVA,Baseline,1008,10.1,2016.0,23.73,1992.27,98.82,0.0,0.0,2.0,0.491,290.2,876.8,895.5,1003.8,0,0.0,256
JAVA,Predictive,1008,10.1,1823.5,23.83,1799.67,98.69,192.5,9.55,1.89,0.472,291.3,901.4,923.3,1085.7,0,0.0,256
JAVA,Reactive,1008,10.1,252.0,22.71,229.29,90.99,1764.0,87.5,1.0,0.316,292.1,1127.9,1142.7,1332.8,0,0.0,256
JAVA,Hybrid,1008,10.1,1823.5,23.76,1799.74,98.7,192.5,9.55,1.89,0.476,292.9,910.2,941.7,1106.6,0,0.0,256
PYTHON,Baseline,2249,22.5,4498.0,24.47,4473.53,99.46,0.0,0.0,2.0,0.564,152.9,451.4,474.6,663.2,0,0.0,256
PYTHON,Predictive,2249,22.5,3148.75,24.41,3124.34,99.22,1349.25,30.0,1.66,0.468,154.1,448.6,470.0,646.2,0,0.0,256
PYTHON,Reactive,2249,22.5,562.25,24.46,537.79,95.65,3935.75,87.5,1.0,0.281,153.0,449.3,463.4,659.5,0,0.0,256
PYTHON,Hybrid,2249,22.5,3148.75,24.57,3124.18,99.22,1349.25,30.0,1.66,0.469,152.2,449.0,483.7,660.1,0,0.0,256
