case,language,target_mib,style,note,verdict,tier_started,tier_promoted,promotion_time_ms,peak_memory_bytes,allocated_memory_bytes,cpu_time_ms,wall_time_ms,e2e_ms
l005_py,python,5,instant,light: trivial footprint,AC,low,False,0,9818112,268435456,96,874,1206.2
l020_py,python,20,instant,light: upper edge of the common case,AC,low,False,0,25706496,268435456,101,714,1062.3
m040_py,python,40,gradual,medium: well under watermark,AC,low,False,0,46796800,268435456,128,1328,1630.3
m060_py,python,60,gradual,medium,AC,low,False,0,63651840,268435456,129,1502,1807.0
m080_py,python,80,gradual,medium: approaching watermark,AC,low,False,0,88158208,268435456,154,1890,2136.5
b170_py,python,170,gradual,just UNDER watermark - must NOT promote,AC,low,False,0,180752384,268435456,243,3296,3632.2
b185_py,python,185,gradual,just OVER watermark - must promote,AC,low,True,3183,197824512,0,260,3607,3918.8
b200_py,python,200,gradual,over watermark,AC,low,True,3256,215040000,0,295,3937,4230.4
h250_py,python,250,gradual,near tier ceiling - needs promotion to survive,AC,low,True,3158,264769536,0,336,4640,4926.3
h400_py,python,400,gradual,well beyond tier - promotion is mandatory,AC,low,True,3276,424857600,0,498,7169,7513.8
h900_py,python,900,gradual,far beyond tier,TLE,low,True,3190,659898368,0,10090,10641,10977.5
h250i_py,python,250,instant,instant: does promotion win the race?,AC,low,True,610,266997760,0,312,854,1167.5
h400i_py,python,400,instant,instant: window stress,AC,low,True,661,424407040,0,457,1080,1300.9
m080_cpp,cpp,80,gradual,"medium, compiled language",AC,low,False,0,85504000,268435456,114,2283,2573.3
b185_cpp,cpp,185,gradual,"over watermark, compiled language",AC,low,True,3813,203116544,0,226,4221,4543.3
h400_cpp,cpp,400,gradual,"beyond tier, compiled language",AC,low,True,3657,421568512,0,416,7396,7692.6
h400i_cpp,cpp,400,instant,"instant, compiled language",AC,low,True,913,421175296,0,446,1260,1666.7
m080_java,java,80,gradual,"medium, JVM",AC,low,False,0,104284160,268435456,361,3836,4172.0
h400_java,java,400,gradual,"beyond tier, JVM (-Xmx interaction)",RE,low,True,5035,196673536,0,519,5470,5771.9
