submission_id,problem_id,problem_name,origin,program_type,source_platform,difficulty,language,strategy,verdict,num_cases,input_bytes,tier_started,tier_promoted,promotion_time_ms,allocated_mb,used_mb,wasted_mb,wasted_pct,allocated_cpu_cores,cpu_shares,cpu_time_ms,container_wall_ms,e2e_request_to_verdict_ms
cc_1012_E_Cycle_sort_cpp_baseline,1012_E_Cycle_sort,1012_E. Cycle sort,code_contests,Number Theory / Math,CODEFORCES,11,CPP,Baseline,AC,5,139,high,False,0,2048.0,5.56,2042.44,99.73,2.0,2048,233,3647,3650.9
cc_1012_E_Cycle_sort_cpp_predictive,1012_E_Cycle_sort,1012_E. Cycle sort,code_contests,Number Theory / Math,CODEFORCES,11,CPP,Predictive,AC,5,139,high,False,0,2048.0,5.61,2042.39,99.73,2.0,2048,225,3568,3576.63
cc_1012_E_Cycle_sort_cpp_reactive,1012_E_Cycle_sort,1012_E. Cycle sort,code_contests,Number Theory / Math,CODEFORCES,11,CPP,Reactive,AC,5,139,low,False,0,256.0,5.27,250.73,97.94,1.0,1024,218,3571,3575.08
cc_1012_E_Cycle_sort_cpp_hybrid,1012_E_Cycle_sort,1012_E. Cycle sort,code_contests,Number Theory / Math,CODEFORCES,11,CPP,Hybrid,AC,5,139,high,False,0,2048.0,5.24,2042.76,99.74,2.0,2048,228,3564,3574.5
cc_1037_E_Trips_cpp_baseline,1037_E_Trips,1037_E. Trips,code_contests,Graph / Trees,CODEFORCES,11,CPP,Baseline,AC,5,306,high,False,0,2048.0,5.59,2042.41,99.73,2.0,2048,236,3900,3903.51
cc_1037_E_Trips_cpp_predictive,1037_E_Trips,1037_E. Trips,code_contests,Graph / Trees,CODEFORCES,11,CPP,Predictive,AC,5,306,high,False,0,2048.0,5.69,2042.31,99.72,2.0,2048,239,4354,4360.51
cc_1037_E_Trips_cpp_reactive,1037_E_Trips,1037_E. Trips,code_contests,Graph / Trees,CODEFORCES,11,CPP,Reactive,AC,5,306,low,False,0,256.0,5.79,250.21,97.74,1.0,1024,247,4604,4607.94
cc_1037_E_Trips_cpp_hybrid,1037_E_Trips,1037_E. Trips,code_contests,Graph / Trees,CODEFORCES,11,CPP,Hybrid,AC,5,306,high,False,0,2048.0,5.66,2042.34,99.72,2.0,2048,230,4149,4155.43
cc_1037_E_Trips_python_baseline,1037_E_Trips,1037_E. Trips,code_contests,Graph / Trees,CODEFORCES,11,PYTHON,Baseline,AC,5,306,high,False,0,2048.0,8.53,2039.47,99.58,2.0,2048,722,1603,1606.72
cc_1037_E_Trips_python_predictive,1037_E_Trips,1037_E. Trips,code_contests,Graph / Trees,CODEFORCES,11,PYTHON,Predictive,AC,5,306,high,False,0,2048.0,8.59,2039.41,99.58,2.0,2048,759,1689,1695.05
cc_1037_E_Trips_python_reactive,1037_E_Trips,1037_E. Trips,code_contests,Graph / Trees,CODEFORCES,11,PYTHON,Reactive,AC,5,306,low,False,0,256.0,8.77,247.23,96.57,1.0,1024,658,1478,1481.5
cc_1037_E_Trips_python_hybrid,1037_E_Trips,1037_E. Trips,code_contests,Graph / Trees,CODEFORCES,11,PYTHON,Hybrid,AC,5,306,high,False,0,2048.0,8.58,2039.42,99.58,2.0,2048,651,1410,1416.76
cc_1037_E_Trips_java_baseline,1037_E_Trips,1037_E. Trips,code_contests,Graph / Trees,CODEFORCES,11,JAVA,Baseline,AC,5,306,high,False,0,2048.0,18.41,2029.59,99.1,2.0,2048,717,2851,2854.44
cc_1037_E_Trips_java_predictive,1037_E_Trips,1037_E. Trips,code_contests,Graph / Trees,CODEFORCES,11,JAVA,Predictive,AC,5,306,high,False,0,2048.0,18.3,2029.7,99.11,2.0,2048,821,2821,2827.42
cc_1037_E_Trips_java_reactive,1037_E_Trips,1037_E. Trips,code_contests,Graph / Trees,CODEFORCES,11,JAVA,Reactive,AC,5,306,low,False,0,256.0,17.72,238.28,93.08,1.0,1024,799,3823,3826.91
cc_1037_E_Trips_java_hybrid,1037_E_Trips,1037_E. Trips,code_contests,Graph / Trees,CODEFORCES,11,JAVA,Hybrid,AC,5,306,high,False,0,2048.0,18.31,2029.69,99.11,2.0,2048,738,2667,2673.52
cc_1060_A_Phone_Numbers_cpp_baseline,1060_A_Phone_Numbers,1060_A. Phone Numbers,code_contests,Brute Force / Simulation,CODEFORCES,7,CPP,Baseline,AC,5,171,high,False,0,2048.0,5.52,2042.48,99.73,2.0,2048,236,3901,3905.44
cc_1060_A_Phone_Numbers_cpp_predictive,1060_A_Phone_Numbers,1060_A. Phone Numbers,code_contests,Brute Force / Simulation,CODEFORCES,7,CPP,Predictive,AC,5,171,low,False,0,256.0,5.45,250.55,97.87,1.0,1024,241,3936,3940.06
cc_1060_A_Phone_Numbers_cpp_reactive,1060_A_Phone_Numbers,1060_A. Phone Numbers,code_contests,Brute Force / Simulation,CODEFORCES,7,CPP,Reactive,AC,5,171,low,False,0,256.0,5.66,250.34,97.79,1.0,1024,229,3555,3559.88
cc_1060_A_Phone_Numbers_cpp_hybrid,1060_A_Phone_Numbers,1060_A. Phone Numbers,code_contests,Brute Force / Simulation,CODEFORCES,7,CPP,Hybrid,AC,5,171,low,False,0,256.0,5.62,250.38,97.8,1.0,1024,230,3645,3650.05
cc_1060_A_Phone_Numbers_python_baseline,1060_A_Phone_Numbers,1060_A. Phone Numbers,code_contests,Brute Force / Simulation,CODEFORCES,7,PYTHON,Baseline,AC,5,171,high,False,0,2048.0,5.21,2042.79,99.75,2.0,2048,434,1275,1278.9
cc_1060_A_Phone_Numbers_python_predictive,1060_A_Phone_Numbers,1060_A. Phone Numbers,code_contests,Brute Force / Simulation,CODEFORCES,7,PYTHON,Predictive,AC,5,171,high,False,0,2048.0,5.34,2042.66,99.74,2.0,2048,406,1212,1216.94
cc_1060_A_Phone_Numbers_python_reactive,1060_A_Phone_Numbers,1060_A. Phone Numbers,code_contests,Brute Force / Simulation,CODEFORCES,7,PYTHON,Reactive,AC,5,171,low,False,0,256.0,5.3,250.7,97.93,1.0,1024,433,1286,1289.1
cc_1060_A_Phone_Numbers_python_hybrid,1060_A_Phone_Numbers,1060_A. Phone Numbers,code_contests,Brute Force / Simulation,CODEFORCES,7,PYTHON,Hybrid,AC,5,171,high,False,0,2048.0,5.11,2042.89,99.75,2.0,2048,431,1286,1290.48
cc_1060_A_Phone_Numbers_java_baseline,1060_A_Phone_Numbers,1060_A. Phone Numbers,code_contests,Brute Force / Simulation,CODEFORCES,7,JAVA,Baseline,AC,5,171,high,False,0,2048.0,19.79,2028.21,99.03,2.0,2048,1039,2638,2642.31
cc_1060_A_Phone_Numbers_java_predictive,1060_A_Phone_Numbers,1060_A. Phone Numbers,code_contests,Brute Force / Simulation,CODEFORCES,7,JAVA,Predictive,AC,5,171,low,False,0,256.0,19.21,236.79,92.49,1.0,1024,2397,8118,8132.47
cc_1060_A_Phone_Numbers_java_reactive,1060_A_Phone_Numbers,1060_A. Phone Numbers,code_contests,Brute Force / Simulation,CODEFORCES,7,JAVA,Reactive,AC,5,171,low,False,0,256.0,19.31,236.69,92.46,1.0,1024,2347,8089,8103.52
cc_1060_A_Phone_Numbers_java_hybrid,1060_A_Phone_Numbers,1060_A. Phone Numbers,code_contests,Brute Force / Simulation,CODEFORCES,7,JAVA,Hybrid,AC,5,171,low,False,0,256.0,19.4,236.6,92.42,1.0,1024,2468,8340,8349.75
cc_1081_G_Mergesort_Strikes_Back_cpp_baseline,1081_G_Mergesort_Strikes_Back,1081_G. Mergesort Strikes Back,code_contests,Number Theory / Math,CODEFORCES,13,CPP,Baseline,AC,5,74,high,False,0,2048.0,5.52,2042.48,99.73,2.0,2048,512,6622,6628.81
cc_1081_G_Mergesort_Strikes_Back_cpp_predictive,1081_G_Mergesort_Strikes_Back,1081_G. Mergesort Strikes Back,code_contests,Number Theory / Math,CODEFORCES,13,CPP,Predictive,AC,5,74,high,False,0,2048.0,5.57,2042.43,99.73,2.0,2048,461,8965,8980.28
cc_1081_G_Mergesort_Strikes_Back_cpp_reactive,1081_G_Mergesort_Strikes_Back,1081_G. Mergesort Strikes Back,code_contests,Number Theory / Math,CODEFORCES,13,CPP,Reactive,AC,5,74,low,False,0,256.0,5.51,250.49,97.85,1.0,1024,357,6318,6328.62
cc_1081_G_Mergesort_Strikes_Back_cpp_hybrid,1081_G_Mergesort_Strikes_Back,1081_G. Mergesort Strikes Back,code_contests,Number Theory / Math,CODEFORCES,13,CPP,Hybrid,AC,5,74,high,False,0,2048.0,5.66,2042.34,99.72,2.0,2048,245,4486,4498.5
cc_1101_A_Minimum_Integer_cpp_baseline,1101_A_Minimum_Integer,1101_A. Minimum Integer,code_contests,Number Theory / Math,CODEFORCES,7,CPP,Baseline,AC,5,339,high,False,0,2048.0,5.7,2042.3,99.72,2.0,2048,263,4530,4534.79
cc_1101_A_Minimum_Integer_cpp_predictive,1101_A_Minimum_Integer,1101_A. Minimum Integer,code_contests,Number Theory / Math,CODEFORCES,7,CPP,Predictive,AC,5,339,low,False,0,256.0,5.67,250.33,97.78,1.0,1024,261,4544,4549.98
cc_1101_A_Minimum_Integer_cpp_reactive,1101_A_Minimum_Integer,1101_A. Minimum Integer,code_contests,Number Theory / Math,CODEFORCES,7,CPP,Reactive,AC,5,339,low,False,0,256.0,5.45,250.55,97.87,1.0,1024,250,4338,4342.43
cc_1101_A_Minimum_Integer_cpp_hybrid,1101_A_Minimum_Integer,1101_A. Minimum Integer,code_contests,Number Theory / Math,CODEFORCES,7,CPP,Hybrid,AC,5,339,low,False,0,256.0,5.41,250.59,97.89,1.0,1024,265,4332,4337.55
cc_1101_A_Minimum_Integer_python_baseline,1101_A_Minimum_Integer,1101_A. Minimum Integer,code_contests,Number Theory / Math,CODEFORCES,7,PYTHON,Baseline,AC,5,339,high,False,0,2048.0,5.2,2042.8,99.75,2.0,2048,473,1507,1511.61
cc_1101_A_Minimum_Integer_python_predictive,1101_A_Minimum_Integer,1101_A. Minimum Integer,code_contests,Number Theory / Math,CODEFORCES,7,PYTHON,Predictive,AC,5,339,low,False,0,256.0,4.98,251.02,98.05,1.0,1024,409,1306,1311.31
cc_1101_A_Minimum_Integer_python_reactive,1101_A_Minimum_Integer,1101_A. Minimum Integer,code_contests,Number Theory / Math,CODEFORCES,7,PYTHON,Reactive,AC,5,339,low,False,0,256.0,5.13,250.87,98.0,1.0,1024,459,1338,1342.51
cc_1101_A_Minimum_Integer_python_hybrid,1101_A_Minimum_Integer,1101_A. Minimum Integer,code_contests,Number Theory / Math,CODEFORCES,7,PYTHON,Hybrid,AC,5,339,low,False,0,256.0,5.25,250.75,97.95,1.0,1024,460,1382,1386.76
cc_1101_A_Minimum_Integer_java_baseline,1101_A_Minimum_Integer,1101_A. Minimum Integer,code_contests,Number Theory / Math,CODEFORCES,7,JAVA,Baseline,AC,5,339,high,False,0,2048.0,18.07,2029.93,99.12,2.0,2048,722,2839,2843.9
cc_1101_A_Minimum_Integer_java_predictive,1101_A_Minimum_Integer,1101_A. Minimum Integer,code_contests,Number Theory / Math,CODEFORCES,7,JAVA,Predictive,AC,5,339,high,False,0,2048.0,18.11,2029.89,99.12,2.0,2048,774,3110,3117.1
cc_1101_A_Minimum_Integer_java_reactive,1101_A_Minimum_Integer,1101_A. Minimum Integer,code_contests,Number Theory / Math,CODEFORCES,7,JAVA,Reactive,AC,5,339,low,False,0,256.0,17.45,238.55,93.19,1.0,1024,814,3828,3832.54
cc_1101_A_Minimum_Integer_java_hybrid,1101_A_Minimum_Integer,1101_A. Minimum Integer,code_contests,Number Theory / Math,CODEFORCES,7,JAVA,Hybrid,AC,5,339,high,False,0,2048.0,18.13,2029.87,99.11,2.0,2048,751,3048,3057.3
cc_1129_D_Isolation_cpp_baseline,1129_D_Isolation,1129_D. Isolation,code_contests,Data Structures,CODEFORCES,10,CPP,Baseline,AC,5,474,high,False,0,2048.0,5.5,2042.5,99.73,2.0,2048,239,4434,4438.64
cc_1129_D_Isolation_cpp_predictive,1129_D_Isolation,1129_D. Isolation,code_contests,Data Structures,CODEFORCES,10,CPP,Predictive,AC,5,474,high,False,0,2048.0,5.54,2042.46,99.73,2.0,2048,226,4102,4112.09
cc_1129_D_Isolation_cpp_reactive,1129_D_Isolation,1129_D. Isolation,code_contests,Data Structures,CODEFORCES,10,CPP,Reactive,AC,5,474,low,False,0,256.0,5.55,250.45,97.83,1.0,1024,237,4382,4385.81
cc_1129_D_Isolation_cpp_hybrid,1129_D_Isolation,1129_D. Isolation,code_contests,Data Structures,CODEFORCES,10,CPP,Hybrid,AC,5,474,high,False,0,2048.0,5.66,2042.34,99.72,2.0,2048,229,3505,3513.88
cc_1129_D_Isolation_java_baseline,1129_D_Isolation,1129_D. Isolation,code_contests,Data Structures,CODEFORCES,10,JAVA,Baseline,AC,5,474,high,False,0,2048.0,18.29,2029.71,99.11,2.0,2048,717,2866,2869.91
cc_1129_D_Isolation_java_predictive,1129_D_Isolation,1129_D. Isolation,code_contests,Data Structures,CODEFORCES,10,JAVA,Predictive,AC,5,474,high,False,0,2048.0,18.45,2029.55,99.1,2.0,2048,754,2749,2754.76
cc_1129_D_Isolation_java_reactive,1129_D_Isolation,1129_D. Isolation,code_contests,Data Structures,CODEFORCES,10,JAVA,Reactive,AC,5,474,low,False,0,256.0,18.03,237.97,92.96,1.0,1024,754,3748,3752.74
cc_1129_D_Isolation_java_hybrid,1129_D_Isolation,1129_D. Isolation,code_contests,Data Structures,CODEFORCES,10,JAVA,Hybrid,AC,5,474,high,False,0,2048.0,18.25,2029.75,99.11,2.0,2048,704,2836,2845.65
cc_1149_E_Election_Promises_cpp_baseline,1149_E_Election_Promises,1149_E. Election Promises,code_contests,Graph / Trees,CODEFORCES,11,CPP,Baseline,AC,5,123,high,False,0,2048.0,15.44,2032.56,99.25,2.0,2048,478,4707,4711.63
cc_1149_E_Election_Promises_cpp_predictive,1149_E_Election_Promises,1149_E. Election Promises,code_contests,Graph / Trees,CODEFORCES,11,CPP,Predictive,AC,5,123,high,False,0,2048.0,15.43,2032.57,99.25,2.0,2048,490,4954,4963.02
cc_1149_E_Election_Promises_cpp_reactive,1149_E_Election_Promises,1149_E. Election Promises,code_contests,Graph / Trees,CODEFORCES,11,CPP,Reactive,AC,5,123,low,False,0,256.0,15.52,240.48,93.94,1.0,1024,478,4269,4271.94
cc_1149_E_Election_Promises_cpp_hybrid,1149_E_Election_Promises,1149_E. Election Promises,code_contests,Graph / Trees,CODEFORCES,11,CPP,Hybrid,AC,5,123,high,False,0,2048.0,15.62,2032.38,99.24,2.0,2048,437,4298,4306.33
cc_1149_E_Election_Promises_java_baseline,1149_E_Election_Promises,1149_E. Election Promises,code_contests,Graph / Trees,CODEFORCES,11,JAVA,Baseline,AC,5,123,high,False,0,2048.0,18.68,2029.32,99.09,2.0,2048,836,3055,3058.53
cc_1149_E_Election_Promises_java_predictive,1149_E_Election_Promises,1149_E. Election Promises,code_contests,Graph / Trees,CODEFORCES,11,JAVA,Predictive,AC,5,123,high,False,0,2048.0,18.71,2029.29,99.09,2.0,2048,786,2810,2824.66
cc_1149_E_Election_Promises_java_reactive,1149_E_Election_Promises,1149_E. Election Promises,code_contests,Graph / Trees,CODEFORCES,11,JAVA,Reactive,AC,5,123,low,False,0,256.0,18.44,237.56,92.8,1.0,1024,813,4156,4160.6
cc_1149_E_Election_Promises_java_hybrid,1149_E_Election_Promises,1149_E. Election Promises,code_contests,Graph / Trees,CODEFORCES,11,JAVA,Hybrid,AC,5,123,high,False,0,2048.0,18.95,2029.05,99.07,2.0,2048,779,2893,2904.51
cc_1189_D1_Add_on_a_Tree_cpp_baseline,1189_D1_Add_on_a_Tree,1189_D1. Add on a Tree,code_contests,Graph / Trees,CODEFORCES,10,CPP,Baseline,AC,5,332,high,False,0,2048.0,5.64,2042.36,99.72,2.0,2048,241,4088,4092.46
cc_1189_D1_Add_on_a_Tree_cpp_predictive,1189_D1_Add_on_a_Tree,1189_D1. Add on a Tree,code_contests,Graph / Trees,CODEFORCES,10,CPP,Predictive,AC,5,332,high,False,0,2048.0,5.55,2042.45,99.73,2.0,2048,244,4445,4451.79
cc_1189_D1_Add_on_a_Tree_cpp_reactive,1189_D1_Add_on_a_Tree,1189_D1. Add on a Tree,code_contests,Graph / Trees,CODEFORCES,10,CPP,Reactive,AC,5,332,low,False,0,256.0,5.83,250.17,97.72,1.0,1024,258,4372,4376.17
cc_1189_D1_Add_on_a_Tree_cpp_hybrid,1189_D1_Add_on_a_Tree,1189_D1. Add on a Tree,code_contests,Graph / Trees,CODEFORCES,10,CPP,Hybrid,AC,5,332,high,False,0,2048.0,5.49,2042.51,99.73,2.0,2048,245,3989,3995.37
cc_1189_D1_Add_on_a_Tree_python_baseline,1189_D1_Add_on_a_Tree,1189_D1. Add on a Tree,code_contests,Graph / Trees,CODEFORCES,10,PYTHON,Baseline,AC,5,332,high,False,0,2048.0,5.21,2042.79,99.75,2.0,2048,434,1380,1385.73
cc_1189_D1_Add_on_a_Tree_python_predictive,1189_D1_Add_on_a_Tree,1189_D1. Add on a Tree,code_contests,Graph / Trees,CODEFORCES,10,PYTHON,Predictive,AC,5,332,high,False,0,2048.0,5.23,2042.77,99.74,2.0,2048,429,1308,1313.49
cc_1189_D1_Add_on_a_Tree_python_reactive,1189_D1_Add_on_a_Tree,1189_D1. Add on a Tree,code_contests,Graph / Trees,CODEFORCES,10,PYTHON,Reactive,AC,5,332,low,False,0,256.0,5.21,250.79,97.97,1.0,1024,407,1221,1224.78
cc_1189_D1_Add_on_a_Tree_python_hybrid,1189_D1_Add_on_a_Tree,1189_D1. Add on a Tree,code_contests,Graph / Trees,CODEFORCES,10,PYTHON,Hybrid,AC,5,332,high,False,0,2048.0,5.2,2042.8,99.75,2.0,2048,387,1224,1228.37
cc_1189_D1_Add_on_a_Tree_java_baseline,1189_D1_Add_on_a_Tree,1189_D1. Add on a Tree,code_contests,Graph / Trees,CODEFORCES,10,JAVA,Baseline,AC,5,332,high,False,0,2048.0,18.24,2029.76,99.11,2.0,2048,674,2753,2756.4
cc_1189_D1_Add_on_a_Tree_java_predictive,1189_D1_Add_on_a_Tree,1189_D1. Add on a Tree,code_contests,Graph / Trees,CODEFORCES,10,JAVA,Predictive,AC,5,332,high,False,0,2048.0,18.09,2029.91,99.12,2.0,2048,739,2663,2668.42
cc_1189_D1_Add_on_a_Tree_java_reactive,1189_D1_Add_on_a_Tree,1189_D1. Add on a Tree,code_contests,Graph / Trees,CODEFORCES,10,JAVA,Reactive,AC,5,332,low,False,0,256.0,17.71,238.29,93.08,1.0,1024,730,3518,3521.84
cc_1189_D1_Add_on_a_Tree_java_hybrid,1189_D1_Add_on_a_Tree,1189_D1. Add on a Tree,code_contests,Graph / Trees,CODEFORCES,10,JAVA,Hybrid,AC,5,332,high,False,0,2048.0,18.08,2029.92,99.12,2.0,2048,663,2520,2526.85
cc_1208_D_Restore_Permutation_cpp_baseline,1208_D_Restore_Permutation,1208_D. Restore Permutation,code_contests,Greedy / Sorting,CODEFORCES,10,CPP,Baseline,AC,5,41,high,False,0,2048.0,5.55,2042.45,99.73,2.0,2048,262,4169,4172.27
cc_1208_D_Restore_Permutation_cpp_predictive,1208_D_Restore_Permutation,1208_D. Restore Permutation,code_contests,Greedy / Sorting,CODEFORCES,10,CPP,Predictive,AC,5,41,high,False,0,2048.0,5.7,2042.3,99.72,2.0,2048,262,4113,4123.26
cc_1208_D_Restore_Permutation_cpp_reactive,1208_D_Restore_Permutation,1208_D. Restore Permutation,code_contests,Greedy / Sorting,CODEFORCES,10,CPP,Reactive,AC,5,41,low,False,0,256.0,5.56,250.44,97.83,1.0,1024,268,4309,4312.92
cc_1208_D_Restore_Permutation_cpp_hybrid,1208_D_Restore_Permutation,1208_D. Restore Permutation,code_contests,Greedy / Sorting,CODEFORCES,10,CPP,Hybrid,AC,5,41,high,False,0,2048.0,5.7,2042.3,99.72,2.0,2048,259,3801,3810.7
cc_1208_D_Restore_Permutation_python_baseline,1208_D_Restore_Permutation,1208_D. Restore Permutation,code_contests,Greedy / Sorting,CODEFORCES,10,PYTHON,Baseline,AC,5,41,high,False,0,2048.0,5.17,2042.83,99.75,2.0,2048,474,1419,1422.89
cc_1208_D_Restore_Permutation_python_predictive,1208_D_Restore_Permutation,1208_D. Restore Permutation,code_contests,Greedy / Sorting,CODEFORCES,10,PYTHON,Predictive,AC,5,41,high,False,0,2048.0,5.05,2042.95,99.75,2.0,2048,452,1304,1309.3
cc_1208_D_Restore_Permutation_python_reactive,1208_D_Restore_Permutation,1208_D. Restore Permutation,code_contests,Greedy / Sorting,CODEFORCES,10,PYTHON,Reactive,AC,5,41,low,False,0,256.0,5.33,250.67,97.92,1.0,1024,412,1242,1245.63
cc_1208_D_Restore_Permutation_python_hybrid,1208_D_Restore_Permutation,1208_D. Restore Permutation,code_contests,Greedy / Sorting,CODEFORCES,10,PYTHON,Hybrid,AC,5,41,high,False,0,2048.0,5.21,2042.79,99.75,2.0,2048,383,1168,1173.96
cc_1208_D_Restore_Permutation_java_baseline,1208_D_Restore_Permutation,1208_D. Restore Permutation,code_contests,Greedy / Sorting,CODEFORCES,10,JAVA,Baseline,AC,5,41,high,False,0,2048.0,18.73,2029.27,99.09,2.0,2048,879,2767,2771.09
cc_1208_D_Restore_Permutation_java_predictive,1208_D_Restore_Permutation,1208_D. Restore Permutation,code_contests,Greedy / Sorting,CODEFORCES,10,JAVA,Predictive,AC,5,41,high,False,0,2048.0,18.49,2029.51,99.1,2.0,2048,817,2601,2607.22
cc_1208_D_Restore_Permutation_java_reactive,1208_D_Restore_Permutation,1208_D. Restore Permutation,code_contests,Greedy / Sorting,CODEFORCES,10,JAVA,Reactive,AC,5,41,low,False,0,256.0,17.98,238.02,92.97,1.0,1024,829,3690,3693.97
cc_1208_D_Restore_Permutation_java_hybrid,1208_D_Restore_Permutation,1208_D. Restore Permutation,code_contests,Greedy / Sorting,CODEFORCES,10,JAVA,Hybrid,AC,5,41,high,False,0,2048.0,18.55,2029.45,99.09,2.0,2048,854,2863,2870.16
cc_1227_D1_Optimal_Subsequences_Easy_Versio_cpp_baseline,1227_D1_Optimal_Subsequences_Easy_Versio,1227_D1. Optimal Subsequences (Easy Version),code_contests,Data Structures,CODEFORCES,10,CPP,Baseline,AC,5,156,high,False,0,2048.0,5.11,2042.89,99.75,2.0,2048,237,4074,4078.53
cc_1227_D1_Optimal_Subsequences_Easy_Versio_cpp_predictive,1227_D1_Optimal_Subsequences_Easy_Versio,1227_D1. Optimal Subsequences (Easy Version),code_contests,Data Structures,CODEFORCES,10,CPP,Predictive,AC,5,156,high,False,0,2048.0,5.38,2042.62,99.74,2.0,2048,238,4322,4328.38
cc_1227_D1_Optimal_Subsequences_Easy_Versio_cpp_reactive,1227_D1_Optimal_Subsequences_Easy_Versio,1227_D1. Optimal Subsequences (Easy Version),code_contests,Data Structures,CODEFORCES,10,CPP,Reactive,AC,5,156,low,False,0,256.0,5.82,250.18,97.73,1.0,1024,244,4528,4532.06
cc_1227_D1_Optimal_Subsequences_Easy_Versio_cpp_hybrid,1227_D1_Optimal_Subsequences_Easy_Versio,1227_D1. Optimal Subsequences (Easy Version),code_contests,Data Structures,CODEFORCES,10,CPP,Hybrid,AC,5,156,high,False,0,2048.0,5.49,2042.51,99.73,2.0,2048,240,4227,4236.05
cc_1227_D1_Optimal_Subsequences_Easy_Versio_python_baseline,1227_D1_Optimal_Subsequences_Easy_Versio,1227_D1. Optimal Subsequences (Easy Version),code_contests,Data Structures,CODEFORCES,10,PYTHON,Baseline,AC,5,156,high,False,0,2048.0,8.48,2039.52,99.59,2.0,2048,725,1549,1552.88
cc_1227_D1_Optimal_Subsequences_Easy_Versio_python_predictive,1227_D1_Optimal_Subsequences_Easy_Versio,1227_D1. Optimal Subsequences (Easy Version),code_contests,Data Structures,CODEFORCES,10,PYTHON,Predictive,AC,5,156,high,False,0,2048.0,8.55,2039.45,99.58,2.0,2048,757,1686,1694.56
cc_1227_D1_Optimal_Subsequences_Easy_Versio_python_reactive,1227_D1_Optimal_Subsequences_Easy_Versio,1227_D1. Optimal Subsequences (Easy Version),code_contests,Data Structures,CODEFORCES,10,PYTHON,Reactive,AC,5,156,low,False,0,256.0,8.52,247.48,96.67,1.0,1024,754,1724,1729.44
cc_1227_D1_Optimal_Subsequences_Easy_Versio_python_hybrid,1227_D1_Optimal_Subsequences_Easy_Versio,1227_D1. Optimal Subsequences (Easy Version),code_contests,Data Structures,CODEFORCES,10,PYTHON,Hybrid,AC,5,156,high,False,0,2048.0,8.61,2039.39,99.58,2.0,2048,669,1500,1507.46
cc_1227_D1_Optimal_Subsequences_Easy_Versio_java_baseline,1227_D1_Optimal_Subsequences_Easy_Versio,1227_D1. Optimal Subsequences (Easy Version),code_contests,Data Structures,CODEFORCES,10,JAVA,Baseline,AC,5,156,high,False,0,2048.0,17.93,2030.07,99.12,2.0,2048,705,2871,2875.59
cc_1227_D1_Optimal_Subsequences_Easy_Versio_java_predictive,1227_D1_Optimal_Subsequences_Easy_Versio,1227_D1. Optimal Subsequences (Easy Version),code_contests,Data Structures,CODEFORCES,10,JAVA,Predictive,AC,5,156,high,False,0,2048.0,18.22,2029.78,99.11,2.0,2048,670,2914,2931.46
cc_1227_D1_Optimal_Subsequences_Easy_Versio_java_reactive,1227_D1_Optimal_Subsequences_Easy_Versio,1227_D1. Optimal Subsequences (Easy Version),code_contests,Data Structures,CODEFORCES,10,JAVA,Reactive,AC,5,156,low,False,0,256.0,17.46,238.54,93.18,1.0,1024,693,4364,4367.74
cc_1227_D1_Optimal_Subsequences_Easy_Versio_java_hybrid,1227_D1_Optimal_Subsequences_Easy_Versio,1227_D1. Optimal Subsequences (Easy Version),code_contests,Data Structures,CODEFORCES,10,JAVA,Hybrid,AC,5,156,high,False,0,2048.0,18.06,2029.94,99.12,2.0,2048,653,2993,3007.53
cc_1269_E_K_Integers_cpp_baseline,1269_E_K_Integers,1269_E. K Integers,code_contests,Greedy / Sorting,CODEFORCES,11,CPP,Baseline,AC,5,48,high,False,0,2048.0,5.58,2042.42,99.73,2.0,2048,247,3954,3958.48
cc_1269_E_K_Integers_cpp_predictive,1269_E_K_Integers,1269_E. K Integers,code_contests,Greedy / Sorting,CODEFORCES,11,CPP,Predictive,AC,5,48,high,False,0,2048.0,5.33,2042.67,99.74,2.0,2048,240,4225,4238.13
cc_1269_E_K_Integers_cpp_reactive,1269_E_K_Integers,1269_E. K Integers,code_contests,Greedy / Sorting,CODEFORCES,11,CPP,Reactive,AC,5,48,low,False,0,256.0,5.68,250.32,97.78,1.0,1024,244,4143,4146.21
cc_1269_E_K_Integers_cpp_hybrid,1269_E_K_Integers,1269_E. K Integers,code_contests,Greedy / Sorting,CODEFORCES,11,CPP,Hybrid,AC,5,48,high,False,0,2048.0,5.74,2042.26,99.72,2.0,2048,250,3712,3722.34
cc_1269_E_K_Integers_python_baseline,1269_E_K_Integers,1269_E. K Integers,code_contests,Greedy / Sorting,CODEFORCES,11,PYTHON,Baseline,AC,5,48,high,False,0,2048.0,5.09,2042.91,99.75,2.0,2048,472,1379,1383.32
cc_1269_E_K_Integers_python_predictive,1269_E_K_Integers,1269_E. K Integers,code_contests,Greedy / Sorting,CODEFORCES,11,PYTHON,Predictive,AC,5,48,high,False,0,2048.0,5.2,2042.8,99.75,2.0,2048,457,1437,1443.22
cc_1269_E_K_Integers_python_reactive,1269_E_K_Integers,1269_E. K Integers,code_contests,Greedy / Sorting,CODEFORCES,11,PYTHON,Reactive,AC,5,48,low,False,0,256.0,5.09,250.91,98.01,1.0,1024,458,1351,1354.21
cc_1269_E_K_Integers_python_hybrid,1269_E_K_Integers,1269_E. K Integers,code_contests,Greedy / Sorting,CODEFORCES,11,PYTHON,Hybrid,AC,5,48,high,False,0,2048.0,5.18,2042.82,99.75,2.0,2048,405,1195,1199.73
cc_1269_E_K_Integers_java_baseline,1269_E_K_Integers,1269_E. K Integers,code_contests,Greedy / Sorting,CODEFORCES,11,JAVA,Baseline,AC,5,48,high,False,0,2048.0,18.64,2029.36,99.09,2.0,2048,905,2876,2880.12
cc_1269_E_K_Integers_java_predictive,1269_E_K_Integers,1269_E. K Integers,code_contests,Greedy / Sorting,CODEFORCES,11,JAVA,Predictive,AC,5,48,high,False,0,2048.0,18.79,2029.21,99.08,2.0,2048,818,2720,2728.15
cc_1269_E_K_Integers_java_reactive,1269_E_K_Integers,1269_E. K Integers,code_contests,Greedy / Sorting,CODEFORCES,11,JAVA,Reactive,AC,5,48,low,False,0,256.0,18.39,237.61,92.81,1.0,1024,852,3874,3878.17
cc_1269_E_K_Integers_java_hybrid,1269_E_K_Integers,1269_E. K Integers,code_contests,Greedy / Sorting,CODEFORCES,11,JAVA,Hybrid,AC,5,48,high,False,0,2048.0,18.64,2029.36,99.09,2.0,2048,813,2858,2864.8
cc_1291_E_Prefix_Enlightenment_cpp_baseline,1291_E_Prefix_Enlightenment,1291_E. Prefix Enlightenment,code_contests,Graph / Trees,CODEFORCES,11,CPP,Baseline,AC,5,214,high,False,0,2048.0,8.58,2039.42,99.58,2.0,2048,353,3970,3973.63
cc_1291_E_Prefix_Enlightenment_cpp_predictive,1291_E_Prefix_Enlightenment,1291_E. Prefix Enlightenment,code_contests,Graph / Trees,CODEFORCES,11,CPP,Predictive,AC,5,214,high,False,0,2048.0,8.54,2039.46,99.58,2.0,2048,362,4110,4118.56
cc_1291_E_Prefix_Enlightenment_cpp_reactive,1291_E_Prefix_Enlightenment,1291_E. Prefix Enlightenment,code_contests,Graph / Trees,CODEFORCES,11,CPP,Reactive,AC,5,214,low,False,0,256.0,8.44,247.56,96.7,1.0,1024,352,4350,4354.41
cc_1291_E_Prefix_Enlightenment_cpp_hybrid,1291_E_Prefix_Enlightenment,1291_E. Prefix Enlightenment,code_contests,Graph / Trees,CODEFORCES,11,CPP,Hybrid,AC,5,214,high,False,0,2048.0,8.55,2039.45,99.58,2.0,2048,338,3770,3777.07
cc_1291_E_Prefix_Enlightenment_python_baseline,1291_E_Prefix_Enlightenment,1291_E. Prefix Enlightenment,code_contests,Graph / Trees,CODEFORCES,11,PYTHON,Baseline,AC,5,214,high,False,0,2048.0,5.5,2042.5,99.73,2.0,2048,459,1353,1357.22
cc_1291_E_Prefix_Enlightenment_python_predictive,1291_E_Prefix_Enlightenment,1291_E. Prefix Enlightenment,code_contests,Graph / Trees,CODEFORCES,11,PYTHON,Predictive,AC,5,214,high,False,0,2048.0,5.37,2042.63,99.74,2.0,2048,498,1480,1489.51
cc_1291_E_Prefix_Enlightenment_python_reactive,1291_E_Prefix_Enlightenment,1291_E. Prefix Enlightenment,code_contests,Graph / Trees,CODEFORCES,11,PYTHON,Reactive,AC,5,214,low,False,0,256.0,5.28,250.72,97.94,1.0,1024,473,1365,1369.62
cc_1291_E_Prefix_Enlightenment_python_hybrid,1291_E_Prefix_Enlightenment,1291_E. Prefix Enlightenment,code_contests,Graph / Trees,CODEFORCES,11,PYTHON,Hybrid,AC,5,214,high,False,0,2048.0,5.07,2042.93,99.75,2.0,2048,413,1207,1215.06
cc_1291_E_Prefix_Enlightenment_java_baseline,1291_E_Prefix_Enlightenment,1291_E. Prefix Enlightenment,code_contests,Graph / Trees,CODEFORCES,11,JAVA,Baseline,AC,5,214,high,False,0,2048.0,17.98,2030.02,99.12,2.0,2048,709,2829,2833.69
cc_1291_E_Prefix_Enlightenment_java_predictive,1291_E_Prefix_Enlightenment,1291_E. Prefix Enlightenment,code_contests,Graph / Trees,CODEFORCES,11,JAVA,Predictive,AC,5,214,high,False,0,2048.0,17.98,2030.02,99.12,2.0,2048,655,2828,2847.23
cc_1291_E_Prefix_Enlightenment_java_reactive,1291_E_Prefix_Enlightenment,1291_E. Prefix Enlightenment,code_contests,Graph / Trees,CODEFORCES,11,JAVA,Reactive,AC,5,214,low,False,0,256.0,17.44,238.56,93.19,1.0,1024,674,4043,4047.35
cc_1291_E_Prefix_Enlightenment_java_hybrid,1291_E_Prefix_Enlightenment,1291_E. Prefix Enlightenment,code_contests,Graph / Trees,CODEFORCES,11,JAVA,Hybrid,AC,5,214,high,False,0,2048.0,17.82,2030.18,99.13,2.0,2048,689,2930,2948.13
cc_1311_F_Moving_Points_cpp_baseline,1311_F_Moving_Points,1311_F. Moving Points,code_contests,Data Structures,CODEFORCES,12,CPP,Baseline,AC,5,78,high,False,0,2048.0,5.78,2042.22,99.72,2.0,2048,242,3987,3990.84
cc_1311_F_Moving_Points_cpp_predictive,1311_F_Moving_Points,1311_F. Moving Points,code_contests,Data Structures,CODEFORCES,12,CPP,Predictive,AC,5,78,high,False,0,2048.0,5.64,2042.36,99.72,2.0,2048,238,4461,4468.01
cc_1311_F_Moving_Points_cpp_reactive,1311_F_Moving_Points,1311_F. Moving Points,code_contests,Data Structures,CODEFORCES,12,CPP,Reactive,AC,5,78,low,False,0,256.0,5.59,250.41,97.81,1.0,1024,247,4662,4665.89
cc_1311_F_Moving_Points_cpp_hybrid,1311_F_Moving_Points,1311_F. Moving Points,code_contests,Data Structures,CODEFORCES,12,CPP,Hybrid,AC,5,78,high,False,0,2048.0,5.79,2042.21,99.72,2.0,2048,211,4202,4208.03
cc_1311_F_Moving_Points_python_baseline,1311_F_Moving_Points,1311_F. Moving Points,code_contests,Data Structures,CODEFORCES,12,PYTHON,Baseline,AC,5,78,high,False,0,2048.0,5.19,2042.81,99.75,2.0,2048,453,1327,1331.6
cc_1311_F_Moving_Points_python_predictive,1311_F_Moving_Points,1311_F. Moving Points,code_contests,Data Structures,CODEFORCES,12,PYTHON,Predictive,AC,5,78,high,False,0,2048.0,5.02,2042.98,99.75,2.0,2048,461,1305,1309.8
cc_1311_F_Moving_Points_python_reactive,1311_F_Moving_Points,1311_F. Moving Points,code_contests,Data Structures,CODEFORCES,12,PYTHON,Reactive,AC,5,78,low,False,0,256.0,5.02,250.98,98.04,1.0,1024,482,1475,1479.83
cc_1311_F_Moving_Points_python_hybrid,1311_F_Moving_Points,1311_F. Moving Points,code_contests,Data Structures,CODEFORCES,12,PYTHON,Hybrid,AC,5,78,high,False,0,2048.0,5.0,2043.0,99.76,2.0,2048,468,1360,1382.7
cc_1311_F_Moving_Points_java_baseline,1311_F_Moving_Points,1311_F. Moving Points,code_contests,Data Structures,CODEFORCES,12,JAVA,Baseline,AC,5,78,high,False,0,2048.0,19.99,2028.01,99.02,2.0,2048,1055,3198,3201.96
cc_1311_F_Moving_Points_java_predictive,1311_F_Moving_Points,1311_F. Moving Points,code_contests,Data Structures,CODEFORCES,12,JAVA,Predictive,AC,5,78,high,False,0,2048.0,19.77,2028.23,99.03,2.0,2048,1054,3366,3381.11
cc_1311_F_Moving_Points_java_reactive,1311_F_Moving_Points,1311_F. Moving Points,code_contests,Data Structures,CODEFORCES,12,JAVA,Reactive,AC,5,78,low,False,0,256.0,19.46,236.54,92.4,1.0,1024,1065,4720,4725.62
cc_1311_F_Moving_Points_java_hybrid,1311_F_Moving_Points,1311_F. Moving Points,code_contests,Data Structures,CODEFORCES,12,JAVA,Hybrid,AC,5,78,high,False,0,2048.0,19.86,2028.14,99.03,2.0,2048,1053,3415,3431.78
cc_1354_F_Summoning_Minions_cpp_baseline,1354_F_Summoning_Minions,1354_F. Summoning Minions,code_contests,DP / State Table,CODEFORCES,12,CPP,Baseline,AC,5,338,high,False,0,2048.0,5.62,2042.38,99.73,2.0,2048,249,3835,3839.03
cc_1354_F_Summoning_Minions_cpp_predictive,1354_F_Summoning_Minions,1354_F. Summoning Minions,code_contests,DP / State Table,CODEFORCES,12,CPP,Predictive,AC,5,338,high,False,0,2048.0,5.53,2042.47,99.73,2.0,2048,242,3869,3876.65
cc_1354_F_Summoning_Minions_cpp_reactive,1354_F_Summoning_Minions,1354_F. Summoning Minions,code_contests,DP / State Table,CODEFORCES,12,CPP,Reactive,AC,5,338,low,False,0,256.0,5.64,250.36,97.8,1.0,1024,227,3820,3825.0
cc_1354_F_Summoning_Minions_cpp_hybrid,1354_F_Summoning_Minions,1354_F. Summoning Minions,code_contests,DP / State Table,CODEFORCES,12,CPP,Hybrid,AC,5,338,high,False,0,2048.0,5.66,2042.34,99.72,2.0,2048,253,4288,4296.22
cc_1354_F_Summoning_Minions_python_baseline,1354_F_Summoning_Minions,1354_F. Summoning Minions,code_contests,DP / State Table,CODEFORCES,12,PYTHON,Baseline,AC,5,338,high,False,0,2048.0,10.96,2037.04,99.46,2.0,2048,2112,3072,3077.04
cc_1354_F_Summoning_Minions_python_predictive,1354_F_Summoning_Minions,1354_F. Summoning Minions,code_contests,DP / State Table,CODEFORCES,12,PYTHON,Predictive,AC,5,338,high,False,0,2048.0,10.95,2037.05,99.47,2.0,2048,1762,2616,2627.89
cc_1354_F_Summoning_Minions_python_reactive,1354_F_Summoning_Minions,1354_F. Summoning Minions,code_contests,DP / State Table,CODEFORCES,12,PYTHON,Reactive,AC,5,338,low,False,0,256.0,10.88,245.12,95.75,1.0,1024,2000,3007,3010.3
cc_1354_F_Summoning_Minions_python_hybrid,1354_F_Summoning_Minions,1354_F. Summoning Minions,code_contests,DP / State Table,CODEFORCES,12,PYTHON,Hybrid,AC,5,338,high,False,0,2048.0,10.9,2037.1,99.47,2.0,2048,1875,2782,2792.68
cc_1354_F_Summoning_Minions_java_baseline,1354_F_Summoning_Minions,1354_F. Summoning Minions,code_contests,DP / State Table,CODEFORCES,12,JAVA,Baseline,AC,5,338,high,False,0,2048.0,18.98,2029.02,99.07,2.0,2048,992,3137,3141.72
cc_1354_F_Summoning_Minions_java_predictive,1354_F_Summoning_Minions,1354_F. Summoning Minions,code_contests,DP / State Table,CODEFORCES,12,JAVA,Predictive,AC,5,338,high,False,0,2048.0,20.29,2027.71,99.01,2.0,2048,965,3041,3057.29
cc_1354_F_Summoning_Minions_java_reactive,1354_F_Summoning_Minions,1354_F. Summoning Minions,code_contests,DP / State Table,CODEFORCES,12,JAVA,Reactive,AC,5,338,low,False,0,256.0,19.37,236.63,92.43,1.0,1024,1003,4505,4509.77
cc_1354_F_Summoning_Minions_java_hybrid,1354_F_Summoning_Minions,1354_F. Summoning Minions,code_contests,DP / State Table,CODEFORCES,12,JAVA,Hybrid,AC,5,338,high,False,0,2048.0,20.22,2027.78,99.01,2.0,2048,930,3136,3148.98
cc_1374_E1_Reading_Books_easy_version_cpp_baseline,1374_E1_Reading_Books_easy_version,1374_E1. Reading Books (easy version),code_contests,Data Structures,CODEFORCES,11,CPP,Baseline,AC,5,170,high,False,0,2048.0,5.54,2042.46,99.73,2.0,2048,239,3994,3998.29
cc_1374_E1_Reading_Books_easy_version_cpp_predictive,1374_E1_Reading_Books_easy_version,1374_E1. Reading Books (easy version),code_contests,Data Structures,CODEFORCES,11,CPP,Predictive,AC,5,170,high,False,0,2048.0,5.68,2042.32,99.72,2.0,2048,251,4391,4398.07
cc_1374_E1_Reading_Books_easy_version_cpp_reactive,1374_E1_Reading_Books_easy_version,1374_E1. Reading Books (easy version),code_contests,Data Structures,CODEFORCES,11,CPP,Reactive,AC,5,170,low,False,0,256.0,5.73,250.27,97.76,1.0,1024,257,4311,4315.12
cc_1374_E1_Reading_Books_easy_version_cpp_hybrid,1374_E1_Reading_Books_easy_version,1374_E1. Reading Books (easy version),code_contests,Data Structures,CODEFORCES,11,CPP,Hybrid,AC,5,170,high,False,0,2048.0,5.36,2042.64,99.74,2.0,2048,251,3939,3944.7
cc_1374_E1_Reading_Books_easy_version_python_baseline,1374_E1_Reading_Books_easy_version,1374_E1. Reading Books (easy version),code_contests,Data Structures,CODEFORCES,11,PYTHON,Baseline,AC,5,170,high,False,0,2048.0,5.28,2042.72,99.74,2.0,2048,469,1463,1466.99
cc_1374_E1_Reading_Books_easy_version_python_predictive,1374_E1_Reading_Books_easy_version,1374_E1. Reading Books (easy version),code_contests,Data Structures,CODEFORCES,11,PYTHON,Predictive,AC,5,170,high,False,0,2048.0,5.11,2042.89,99.75,2.0,2048,439,1290,1295.09
cc_1374_E1_Reading_Books_easy_version_python_reactive,1374_E1_Reading_Books_easy_version,1374_E1. Reading Books (easy version),code_contests,Data Structures,CODEFORCES,11,PYTHON,Reactive,AC,5,170,low,False,0,256.0,5.37,250.63,97.9,1.0,1024,411,1230,1233.96
cc_1374_E1_Reading_Books_easy_version_python_hybrid,1374_E1_Reading_Books_easy_version,1374_E1. Reading Books (easy version),code_contests,Data Structures,CODEFORCES,11,PYTHON,Hybrid,AC,5,170,high,False,0,2048.0,5.17,2042.83,99.75,2.0,2048,399,1200,1205.3
cc_1374_E1_Reading_Books_easy_version_java_baseline,1374_E1_Reading_Books_easy_version,1374_E1. Reading Books (easy version),code_contests,Data Structures,CODEFORCES,11,JAVA,Baseline,AC,5,170,high,False,0,2048.0,18.07,2029.93,99.12,2.0,2048,671,2819,2823.34
cc_1374_E1_Reading_Books_easy_version_java_predictive,1374_E1_Reading_Books_easy_version,1374_E1. Reading Books (easy version),code_contests,Data Structures,CODEFORCES,11,JAVA,Predictive,AC,5,170,high,False,0,2048.0,18.0,2030.0,99.12,2.0,2048,723,2757,2763.13
cc_1374_E1_Reading_Books_easy_version_java_reactive,1374_E1_Reading_Books_easy_version,1374_E1. Reading Books (easy version),code_contests,Data Structures,CODEFORCES,11,JAVA,Reactive,AC,5,170,low,False,0,256.0,17.51,238.49,93.16,1.0,1024,738,3719,3722.93
cc_1374_E1_Reading_Books_easy_version_java_hybrid,1374_E1_Reading_Books_easy_version,1374_E1. Reading Books (easy version),code_contests,Data Structures,CODEFORCES,11,JAVA,Hybrid,AC,5,170,high,False,0,2048.0,18.18,2029.82,99.11,2.0,2048,658,2674,2681.89
cc_1398_A_Bad_Triangle_cpp_baseline,1398_A_Bad_Triangle,1398_A. Bad Triangle,code_contests,Number Theory / Math,CODEFORCES,7,CPP,Baseline,AC,5,196,high,False,0,2048.0,5.65,2042.35,99.72,2.0,2048,257,4057,4061.45
cc_1398_A_Bad_Triangle_cpp_predictive,1398_A_Bad_Triangle,1398_A. Bad Triangle,code_contests,Number Theory / Math,CODEFORCES,7,CPP,Predictive,AC,5,196,low,False,0,256.0,5.57,250.43,97.82,1.0,1024,240,4059,4063.03
cc_1398_A_Bad_Triangle_cpp_reactive,1398_A_Bad_Triangle,1398_A. Bad Triangle,code_contests,Number Theory / Math,CODEFORCES,7,CPP,Reactive,AC,5,196,low,False,0,256.0,5.33,250.67,97.92,1.0,1024,229,3704,3708.44
cc_1398_A_Bad_Triangle_cpp_hybrid,1398_A_Bad_Triangle,1398_A. Bad Triangle,code_contests,Number Theory / Math,CODEFORCES,7,CPP,Hybrid,AC,5,196,low,False,0,256.0,5.64,250.36,97.8,1.0,1024,215,3731,3735.67
cc_1398_A_Bad_Triangle_python_baseline,1398_A_Bad_Triangle,1398_A. Bad Triangle,code_contests,Number Theory / Math,CODEFORCES,7,PYTHON,Baseline,AC,5,196,high,False,0,2048.0,5.13,2042.87,99.75,2.0,2048,430,1305,1308.54
cc_1398_A_Bad_Triangle_python_predictive,1398_A_Bad_Triangle,1398_A. Bad Triangle,code_contests,Number Theory / Math,CODEFORCES,7,PYTHON,Predictive,AC,5,196,high,False,0,2048.0,4.76,2043.24,99.77,2.0,2048,432,1285,1290.82
cc_1398_A_Bad_Triangle_python_reactive,1398_A_Bad_Triangle,1398_A. Bad Triangle,code_contests,Number Theory / Math,CODEFORCES,7,PYTHON,Reactive,AC,5,196,low,False,0,256.0,5.24,250.76,97.95,1.0,1024,406,1238,1242.28
cc_1398_A_Bad_Triangle_python_hybrid,1398_A_Bad_Triangle,1398_A. Bad Triangle,code_contests,Number Theory / Math,CODEFORCES,7,PYTHON,Hybrid,AC,5,196,high,False,0,2048.0,5.16,2042.84,99.75,2.0,2048,418,1301,1307.0
cc_1398_A_Bad_Triangle_java_baseline,1398_A_Bad_Triangle,1398_A. Bad Triangle,code_contests,Number Theory / Math,CODEFORCES,7,JAVA,Baseline,AC,5,196,high,False,0,2048.0,20.01,2027.99,99.02,2.0,2048,1115,2834,2837.05
cc_1398_A_Bad_Triangle_java_predictive,1398_A_Bad_Triangle,1398_A. Bad Triangle,code_contests,Number Theory / Math,CODEFORCES,7,JAVA,Predictive,AC,5,196,low,False,0,256.0,19.72,236.28,92.3,1.0,1024,1127,3797,3801.44
cc_1398_A_Bad_Triangle_java_reactive,1398_A_Bad_Triangle,1398_A. Bad Triangle,code_contests,Number Theory / Math,CODEFORCES,7,JAVA,Reactive,AC,5,196,low,False,0,256.0,19.63,236.37,92.33,1.0,1024,1137,3813,3817.62
cc_1398_A_Bad_Triangle_java_hybrid,1398_A_Bad_Triangle,1398_A. Bad Triangle,code_contests,Number Theory / Math,CODEFORCES,7,JAVA,Hybrid,AC,5,196,low,False,0,256.0,19.54,236.46,92.37,1.0,1024,1117,3800,3804.67
cc_1421_B_Putting_Bricks_in_the_Wall_cpp_baseline,1421_B_Putting_Bricks_in_the_Wall,1421_B. Putting Bricks in the Wall,code_contests,Brute Force / Simulation,CODEFORCES,8,CPP,Baseline,AC,5,251,high,False,0,2048.0,5.37,2042.63,99.74,2.0,2048,231,4018,4022.15
cc_1421_B_Putting_Bricks_in_the_Wall_cpp_predictive,1421_B_Putting_Bricks_in_the_Wall,1421_B. Putting Bricks in the Wall,code_contests,Brute Force / Simulation,CODEFORCES,8,CPP,Predictive,AC,5,251,low,False,0,256.0,5.62,250.38,97.8,1.0,1024,239,4055,4063.82
cc_1421_B_Putting_Bricks_in_the_Wall_cpp_reactive,1421_B_Putting_Bricks_in_the_Wall,1421_B. Putting Bricks in the Wall,code_contests,Brute Force / Simulation,CODEFORCES,8,CPP,Reactive,AC,5,251,low,False,0,256.0,5.4,250.6,97.89,1.0,1024,246,4070,4073.7
cc_1421_B_Putting_Bricks_in_the_Wall_cpp_hybrid,1421_B_Putting_Bricks_in_the_Wall,1421_B. Putting Bricks in the Wall,code_contests,Brute Force / Simulation,CODEFORCES,8,CPP,Hybrid,AC,5,251,low,False,0,256.0,5.45,250.55,97.87,1.0,1024,239,3709,3716.57
cc_1421_B_Putting_Bricks_in_the_Wall_python_baseline,1421_B_Putting_Bricks_in_the_Wall,1421_B. Putting Bricks in the Wall,code_contests,Brute Force / Simulation,CODEFORCES,8,PYTHON,Baseline,AC,5,251,high,False,0,2048.0,5.22,2042.78,99.75,2.0,2048,438,1321,1324.81
cc_1421_B_Putting_Bricks_in_the_Wall_python_predictive,1421_B_Putting_Bricks_in_the_Wall,1421_B. Putting Bricks in the Wall,code_contests,Brute Force / Simulation,CODEFORCES,8,PYTHON,Predictive,AC,5,251,high,False,0,2048.0,5.07,2042.93,99.75,2.0,2048,469,1465,1471.96
cc_1421_B_Putting_Bricks_in_the_Wall_python_reactive,1421_B_Putting_Bricks_in_the_Wall,1421_B. Putting Bricks in the Wall,code_contests,Brute Force / Simulation,CODEFORCES,8,PYTHON,Reactive,AC,5,251,low,False,0,256.0,5.3,250.7,97.93,1.0,1024,439,1313,1317.1
cc_1421_B_Putting_Bricks_in_the_Wall_python_hybrid,1421_B_Putting_Bricks_in_the_Wall,1421_B. Putting Bricks in the Wall,code_contests,Brute Force / Simulation,CODEFORCES,8,PYTHON,Hybrid,AC,5,251,high,False,0,2048.0,5.06,2042.94,99.75,2.0,2048,418,1216,1223.09
cc_1421_B_Putting_Bricks_in_the_Wall_java_baseline,1421_B_Putting_Bricks_in_the_Wall,1421_B. Putting Bricks in the Wall,code_contests,Brute Force / Simulation,CODEFORCES,8,JAVA,Baseline,AC,5,251,high,False,0,2048.0,18.59,2029.41,99.09,2.0,2048,863,2876,2879.98
cc_1421_B_Putting_Bricks_in_the_Wall_java_predictive,1421_B_Putting_Bricks_in_the_Wall,1421_B. Putting Bricks in the Wall,code_contests,Brute Force / Simulation,CODEFORCES,8,JAVA,Predictive,AC,5,251,high,False,0,2048.0,18.67,2029.33,99.09,2.0,2048,793,2689,2696.45
cc_1421_B_Putting_Bricks_in_the_Wall_java_reactive,1421_B_Putting_Bricks_in_the_Wall,1421_B. Putting Bricks in the Wall,code_contests,Brute Force / Simulation,CODEFORCES,8,JAVA,Reactive,AC,5,251,low,False,0,256.0,19.32,236.68,92.45,1.0,1024,803,3978,3982.28
cc_1421_B_Putting_Bricks_in_the_Wall_java_hybrid,1421_B_Putting_Bricks_in_the_Wall,1421_B. Putting Bricks in the Wall,code_contests,Brute Force / Simulation,CODEFORCES,8,JAVA,Hybrid,AC,5,251,high,False,0,2048.0,19.29,2028.71,99.06,2.0,2048,819,3025,3037.52
cc_143_A_Help_Vasilisa_the_Wise_2_cpp_baseline,143_A_Help_Vasilisa_the_Wise_2,143_A. Help Vasilisa the Wise 2,code_contests,Brute Force / Simulation,CODEFORCES,7,CPP,Baseline,AC,5,75,high,False,0,2048.0,5.55,2042.45,99.73,2.0,2048,234,4074,4078.57
cc_143_A_Help_Vasilisa_the_Wise_2_cpp_predictive,143_A_Help_Vasilisa_the_Wise_2,143_A. Help Vasilisa the Wise 2,code_contests,Brute Force / Simulation,CODEFORCES,7,CPP,Predictive,AC,5,75,high,False,0,2048.0,5.47,2042.53,99.73,2.0,2048,234,4230,4236.0
cc_143_A_Help_Vasilisa_the_Wise_2_cpp_reactive,143_A_Help_Vasilisa_the_Wise_2,143_A. Help Vasilisa the Wise 2,code_contests,Brute Force / Simulation,CODEFORCES,7,CPP,Reactive,AC,5,75,low,False,0,256.0,5.62,250.38,97.8,1.0,1024,229,4163,4167.79
cc_143_A_Help_Vasilisa_the_Wise_2_cpp_hybrid,143_A_Help_Vasilisa_the_Wise_2,143_A. Help Vasilisa the Wise 2,code_contests,Brute Force / Simulation,CODEFORCES,7,CPP,Hybrid,AC,5,75,high,False,0,2048.0,5.44,2042.56,99.73,2.0,2048,237,3886,3915.56
cc_143_A_Help_Vasilisa_the_Wise_2_python_baseline,143_A_Help_Vasilisa_the_Wise_2,143_A. Help Vasilisa the Wise 2,code_contests,Brute Force / Simulation,CODEFORCES,7,PYTHON,Baseline,AC,5,75,high,False,0,2048.0,4.99,2043.01,99.76,2.0,2048,453,1374,1378.7
cc_143_A_Help_Vasilisa_the_Wise_2_python_predictive,143_A_Help_Vasilisa_the_Wise_2,143_A. Help Vasilisa the Wise 2,code_contests,Brute Force / Simulation,CODEFORCES,7,PYTHON,Predictive,AC,5,75,low,False,0,256.0,5.29,250.71,97.94,1.0,1024,447,1444,1449.37
cc_143_A_Help_Vasilisa_the_Wise_2_python_reactive,143_A_Help_Vasilisa_the_Wise_2,143_A. Help Vasilisa the Wise 2,code_contests,Brute Force / Simulation,CODEFORCES,7,PYTHON,Reactive,AC,5,75,low,False,0,256.0,5.27,250.73,97.94,1.0,1024,463,1420,1424.57
cc_143_A_Help_Vasilisa_the_Wise_2_python_hybrid,143_A_Help_Vasilisa_the_Wise_2,143_A. Help Vasilisa the Wise 2,code_contests,Brute Force / Simulation,CODEFORCES,7,PYTHON,Hybrid,AC,5,75,low,False,0,256.0,5.1,250.9,98.01,1.0,1024,482,1487,1492.11
cc_143_A_Help_Vasilisa_the_Wise_2_java_baseline,143_A_Help_Vasilisa_the_Wise_2,143_A. Help Vasilisa the Wise 2,code_contests,Brute Force / Simulation,CODEFORCES,7,JAVA,Baseline,AC,5,75,high,False,0,2048.0,20.19,2027.81,99.01,2.0,2048,1175,3147,3150.89
cc_143_A_Help_Vasilisa_the_Wise_2_java_predictive,143_A_Help_Vasilisa_the_Wise_2,143_A. Help Vasilisa the Wise 2,code_contests,Brute Force / Simulation,CODEFORCES,7,JAVA,Predictive,AC,5,75,low,False,0,256.0,19.57,236.43,92.36,1.0,1024,1198,4164,4170.69
cc_143_A_Help_Vasilisa_the_Wise_2_java_reactive,143_A_Help_Vasilisa_the_Wise_2,143_A. Help Vasilisa the Wise 2,code_contests,Brute Force / Simulation,CODEFORCES,7,JAVA,Reactive,AC,5,75,low,False,0,256.0,19.67,236.33,92.32,1.0,1024,1104,4161,4165.3
cc_143_A_Help_Vasilisa_the_Wise_2_java_hybrid,143_A_Help_Vasilisa_the_Wise_2,143_A. Help Vasilisa the Wise 2,code_contests,Brute Force / Simulation,CODEFORCES,7,JAVA,Hybrid,AC,5,75,low,False,0,256.0,19.6,236.4,92.34,1.0,1024,1109,4041,4045.33
cc_1466_F_Euclid_s_nightmare_cpp_baseline,1466_F_Euclid_s_nightmare,1466_F. Euclid's nightmare,code_contests,Bitmask / Bits,CODEFORCES,12,CPP,Baseline,AC,5,824,high,False,0,2048.0,5.83,2042.17,99.72,2.0,2048,258,4234,4237.83
cc_1466_F_Euclid_s_nightmare_cpp_predictive,1466_F_Euclid_s_nightmare,1466_F. Euclid's nightmare,code_contests,Bitmask / Bits,CODEFORCES,12,CPP,Predictive,AC,5,824,high,False,0,2048.0,5.42,2042.58,99.74,2.0,2048,259,4394,4401.3
cc_1466_F_Euclid_s_nightmare_cpp_reactive,1466_F_Euclid_s_nightmare,1466_F. Euclid's nightmare,code_contests,Bitmask / Bits,CODEFORCES,12,CPP,Reactive,AC,5,824,low,False,0,256.0,5.69,250.31,97.78,1.0,1024,267,4500,4525.54
cc_1466_F_Euclid_s_nightmare_cpp_hybrid,1466_F_Euclid_s_nightmare,1466_F. Euclid's nightmare,code_contests,Bitmask / Bits,CODEFORCES,12,CPP,Hybrid,AC,5,824,high,False,0,2048.0,5.73,2042.27,99.72,2.0,2048,242,3928,3936.62
cc_1466_F_Euclid_s_nightmare_python_baseline,1466_F_Euclid_s_nightmare,1466_F. Euclid's nightmare,code_contests,Bitmask / Bits,CODEFORCES,12,PYTHON,Baseline,AC,5,824,high,False,0,2048.0,5.3,2042.7,99.74,2.0,2048,449,1380,1383.83
cc_1466_F_Euclid_s_nightmare_python_predictive,1466_F_Euclid_s_nightmare,1466_F. Euclid's nightmare,code_contests,Bitmask / Bits,CODEFORCES,12,PYTHON,Predictive,AC,5,824,high,False,0,2048.0,5.34,2042.66,99.74,2.0,2048,443,1413,1420.61
cc_1466_F_Euclid_s_nightmare_python_reactive,1466_F_Euclid_s_nightmare,1466_F. Euclid's nightmare,code_contests,Bitmask / Bits,CODEFORCES,12,PYTHON,Reactive,AC,5,824,low,False,0,256.0,5.12,250.88,98.0,1.0,1024,503,1574,1578.69
cc_1466_F_Euclid_s_nightmare_python_hybrid,1466_F_Euclid_s_nightmare,1466_F. Euclid's nightmare,code_contests,Bitmask / Bits,CODEFORCES,12,PYTHON,Hybrid,AC,5,824,high,False,0,2048.0,5.02,2042.98,99.75,2.0,2048,474,1443,1449.61
cc_1466_F_Euclid_s_nightmare_java_baseline,1466_F_Euclid_s_nightmare,1466_F. Euclid's nightmare,code_contests,Bitmask / Bits,CODEFORCES,12,JAVA,Baseline,AC,5,824,high,False,0,2048.0,20.2,2027.8,99.01,2.0,2048,1026,3330,3334.44
cc_1466_F_Euclid_s_nightmare_java_predictive,1466_F_Euclid_s_nightmare,1466_F. Euclid's nightmare,code_contests,Bitmask / Bits,CODEFORCES,12,JAVA,Predictive,AC,5,824,high,False,0,2048.0,20.35,2027.65,99.01,2.0,2048,1056,3409,3424.39
cc_1466_F_Euclid_s_nightmare_java_reactive,1466_F_Euclid_s_nightmare,1466_F. Euclid's nightmare,code_contests,Bitmask / Bits,CODEFORCES,12,JAVA,Reactive,AC,5,824,low,False,0,256.0,19.93,236.07,92.21,1.0,1024,1178,5237,5241.61
cc_1466_F_Euclid_s_nightmare_java_hybrid,1466_F_Euclid_s_nightmare,1466_F. Euclid's nightmare,code_contests,Bitmask / Bits,CODEFORCES,12,JAVA,Hybrid,AC,5,824,high,False,0,2048.0,20.07,2027.93,99.02,2.0,2048,1100,3504,3522.77
cc_1513_C_Add_One_cpp_baseline,1513_C_Add_One,1513_C. Add One,code_contests,DP / State Table,CODEFORCES,9,CPP,Baseline,AC,5,154,high,False,0,2048.0,26.86,2021.14,98.69,2.0,2048,1402,5305,5309.19
cc_1513_C_Add_One_cpp_predictive,1513_C_Add_One,1513_C. Add One,code_contests,DP / State Table,CODEFORCES,9,CPP,Predictive,AC,5,154,high,False,0,2048.0,26.78,2021.22,98.69,2.0,2048,1389,5363,5374.51
cc_1513_C_Add_One_cpp_reactive,1513_C_Add_One,1513_C. Add One,code_contests,DP / State Table,CODEFORCES,9,CPP,Reactive,AC,5,154,low,False,0,256.0,27.0,229.0,89.45,1.0,1024,1397,5509,5514.25
cc_1513_C_Add_One_cpp_hybrid,1513_C_Add_One,1513_C. Add One,code_contests,DP / State Table,CODEFORCES,9,CPP,Hybrid,AC,5,154,high,False,0,2048.0,26.94,2021.06,98.68,2.0,2048,1489,5812,5824.69
cc_1513_C_Add_One_python_baseline,1513_C_Add_One,1513_C. Add One,code_contests,DP / State Table,CODEFORCES,9,PYTHON,Baseline,AC,5,154,high,False,0,2048.0,12.96,2035.04,99.37,2.0,2048,1525,2526,2531.1
cc_1513_C_Add_One_python_predictive,1513_C_Add_One,1513_C. Add One,code_contests,DP / State Table,CODEFORCES,9,PYTHON,Predictive,AC,5,154,high,False,0,2048.0,13.09,2034.91,99.36,2.0,2048,1587,2588,2597.26
cc_1513_C_Add_One_python_reactive,1513_C_Add_One,1513_C. Add One,code_contests,DP / State Table,CODEFORCES,9,PYTHON,Reactive,AC,5,154,low,False,0,256.0,12.73,243.27,95.03,1.0,1024,1608,2657,2663.89
cc_1513_C_Add_One_python_hybrid,1513_C_Add_One,1513_C. Add One,code_contests,DP / State Table,CODEFORCES,9,PYTHON,Hybrid,AC,5,154,high,False,0,2048.0,13.04,2034.96,99.36,2.0,2048,1310,2181,2186.51
cc_1513_C_Add_One_java_baseline,1513_C_Add_One,1513_C. Add One,code_contests,DP / State Table,CODEFORCES,9,JAVA,Baseline,AC,5,154,high,False,0,2048.0,25.76,2022.24,98.74,2.0,2048,924,3152,3157.0
cc_1513_C_Add_One_java_predictive,1513_C_Add_One,1513_C. Add One,code_contests,DP / State Table,CODEFORCES,9,JAVA,Predictive,AC,5,154,high,False,0,2048.0,25.82,2022.18,98.74,2.0,2048,913,2858,2864.5
cc_1513_C_Add_One_java_reactive,1513_C_Add_One,1513_C. Add One,code_contests,DP / State Table,CODEFORCES,9,JAVA,Reactive,AC,5,154,low,False,0,256.0,25.67,230.33,89.97,1.0,1024,972,3995,4000.13
cc_1513_C_Add_One_java_hybrid,1513_C_Add_One,1513_C. Add One,code_contests,DP / State Table,CODEFORCES,9,JAVA,Hybrid,AC,5,154,high,False,0,2048.0,25.77,2022.23,98.74,2.0,2048,915,3048,3054.01
cc_1540_C1_Converging_Array_Easy_Version_cpp_baseline,1540_C1_Converging_Array_Easy_Version,1540_C1. Converging Array (Easy Version),code_contests,DP / State Table,CODEFORCES,9,CPP,Baseline,AC,5,975,high,False,0,2048.0,9.66,2038.34,99.53,2.0,2048,445,4596,4600.26
cc_1540_C1_Converging_Array_Easy_Version_cpp_predictive,1540_C1_Converging_Array_Easy_Version,1540_C1. Converging Array (Easy Version),code_contests,DP / State Table,CODEFORCES,9,CPP,Predictive,AC,5,975,high,False,0,2048.0,9.53,2038.47,99.53,2.0,2048,480,4811,4820.18
cc_1540_C1_Converging_Array_Easy_Version_cpp_reactive,1540_C1_Converging_Array_Easy_Version,1540_C1. Converging Array (Easy Version),code_contests,DP / State Table,CODEFORCES,9,CPP,Reactive,AC,5,975,low,False,0,256.0,9.45,246.55,96.31,1.0,1024,433,4558,4563.11
cc_1540_C1_Converging_Array_Easy_Version_cpp_hybrid,1540_C1_Converging_Array_Easy_Version,1540_C1. Converging Array (Easy Version),code_contests,DP / State Table,CODEFORCES,9,CPP,Hybrid,AC,5,975,high,False,0,2048.0,9.53,2038.47,99.53,2.0,2048,814,5824,5832.49
cc_1540_C1_Converging_Array_Easy_Version_python_baseline,1540_C1_Converging_Array_Easy_Version,1540_C1. Converging Array (Easy Version),code_contests,DP / State Table,CODEFORCES,9,PYTHON,Baseline,AC,5,975,high,False,0,2048.0,5.08,2042.92,99.75,2.0,2048,930,2853,2857.93
cc_1540_C1_Converging_Array_Easy_Version_python_predictive,1540_C1_Converging_Array_Easy_Version,1540_C1. Converging Array (Easy Version),code_contests,DP / State Table,CODEFORCES,9,PYTHON,Predictive,AC,5,975,high,False,0,2048.0,5.12,2042.88,99.75,2.0,2048,1150,3356,3365.33
cc_1540_C1_Converging_Array_Easy_Version_python_reactive,1540_C1_Converging_Array_Easy_Version,1540_C1. Converging Array (Easy Version),code_contests,DP / State Table,CODEFORCES,9,PYTHON,Reactive,AC,5,975,low,False,0,256.0,5.17,250.83,97.98,1.0,1024,1026,2901,2909.23
cc_1540_C1_Converging_Array_Easy_Version_python_hybrid,1540_C1_Converging_Array_Easy_Version,1540_C1. Converging Array (Easy Version),code_contests,DP / State Table,CODEFORCES,9,PYTHON,Hybrid,AC,5,975,high,False,0,2048.0,5.22,2042.78,99.74,2.0,2048,1093,2865,2877.54
cc_1540_C1_Converging_Array_Easy_Version_java_baseline,1540_C1_Converging_Array_Easy_Version,1540_C1. Converging Array (Easy Version),code_contests,DP / State Table,CODEFORCES,9,JAVA,Baseline,AC,5,975,high,False,0,2048.0,36.51,2011.49,98.22,2.0,2048,2377,6449,6454.25
cc_1540_C1_Converging_Array_Easy_Version_java_predictive,1540_C1_Converging_Array_Easy_Version,1540_C1. Converging Array (Easy Version),code_contests,DP / State Table,CODEFORCES,9,JAVA,Predictive,AC,5,975,high,False,0,2048.0,36.68,2011.32,98.21,2.0,2048,2337,5859,5873.55
cc_1540_C1_Converging_Array_Easy_Version_java_reactive,1540_C1_Converging_Array_Easy_Version,1540_C1. Converging Array (Easy Version),code_contests,DP / State Table,CODEFORCES,9,JAVA,Reactive,AC,5,975,low,False,0,256.0,21.19,234.81,91.72,1.0,1024,2316,8536,8541.27
cc_1540_C1_Converging_Array_Easy_Version_java_hybrid,1540_C1_Converging_Array_Easy_Version,1540_C1. Converging Array (Easy Version),code_contests,DP / State Table,CODEFORCES,9,JAVA,Hybrid,AC,5,975,high,False,0,2048.0,34.4,2013.6,98.32,2.0,2048,2200,6475,6495.6
cc_168_A_Wizards_and_Demonstration_cpp_baseline,168_A_Wizards_and_Demonstration,168_A. Wizards and Demonstration,code_contests,Brute Force / Simulation,CODEFORCES,7,CPP,Baseline,AC,5,55,high,False,0,2048.0,5.71,2042.29,99.72,2.0,2048,444,8337,8345.68
cc_168_A_Wizards_and_Demonstration_cpp_predictive,168_A_Wizards_and_Demonstration,168_A. Wizards and Demonstration,code_contests,Brute Force / Simulation,CODEFORCES,7,CPP,Predictive,AC,5,55,low,False,0,256.0,5.41,250.59,97.89,1.0,1024,412,8770,8780.75
cc_168_A_Wizards_and_Demonstration_cpp_reactive,168_A_Wizards_and_Demonstration,168_A. Wizards and Demonstration,code_contests,Brute Force / Simulation,CODEFORCES,7,CPP,Reactive,AC,5,55,low,False,0,256.0,5.52,250.48,97.84,1.0,1024,242,4493,4498.91
cc_168_A_Wizards_and_Demonstration_cpp_hybrid,168_A_Wizards_and_Demonstration,168_A. Wizards and Demonstration,code_contests,Brute Force / Simulation,CODEFORCES,7,CPP,Hybrid,AC,5,55,low,False,0,256.0,5.46,250.54,97.87,1.0,1024,256,4102,4106.39
cc_168_A_Wizards_and_Demonstration_python_baseline,168_A_Wizards_and_Demonstration,168_A. Wizards and Demonstration,code_contests,Brute Force / Simulation,CODEFORCES,7,PYTHON,Baseline,AC,5,55,high,False,0,2048.0,6.66,2041.34,99.67,2.0,2048,677,1606,1609.97
cc_168_A_Wizards_and_Demonstration_python_predictive,168_A_Wizards_and_Demonstration,168_A. Wizards and Demonstration,code_contests,Brute Force / Simulation,CODEFORCES,7,PYTHON,Predictive,AC,5,55,low,False,0,256.0,5.17,250.83,97.98,1.0,1024,586,1497,1501.62
cc_168_A_Wizards_and_Demonstration_python_reactive,168_A_Wizards_and_Demonstration,168_A. Wizards and Demonstration,code_contests,Brute Force / Simulation,CODEFORCES,7,PYTHON,Reactive,AC,5,55,low,False,0,256.0,5.39,250.61,97.9,1.0,1024,618,1560,1563.63
cc_168_A_Wizards_and_Demonstration_python_hybrid,168_A_Wizards_and_Demonstration,168_A. Wizards and Demonstration,code_contests,Brute Force / Simulation,CODEFORCES,7,PYTHON,Hybrid,AC,5,55,low,False,0,256.0,5.23,250.77,97.96,1.0,1024,540,1452,1456.71
cc_168_A_Wizards_and_Demonstration_java_baseline,168_A_Wizards_and_Demonstration,168_A. Wizards and Demonstration,code_contests,Brute Force / Simulation,CODEFORCES,7,JAVA,Baseline,AC,5,55,high,False,0,2048.0,19.81,2028.19,99.03,2.0,2048,1081,2855,2859.82
cc_168_A_Wizards_and_Demonstration_java_predictive,168_A_Wizards_and_Demonstration,168_A. Wizards and Demonstration,code_contests,Brute Force / Simulation,CODEFORCES,7,JAVA,Predictive,AC,5,55,low,False,0,256.0,19.39,236.61,92.42,1.0,1024,1099,3822,3827.09
cc_168_A_Wizards_and_Demonstration_java_reactive,168_A_Wizards_and_Demonstration,168_A. Wizards and Demonstration,code_contests,Brute Force / Simulation,CODEFORCES,7,JAVA,Reactive,AC,5,55,low,False,0,256.0,19.35,236.65,92.44,1.0,1024,1097,3841,3845.36
cc_168_A_Wizards_and_Demonstration_java_hybrid,168_A_Wizards_and_Demonstration,168_A. Wizards and Demonstration,code_contests,Brute Force / Simulation,CODEFORCES,7,JAVA,Hybrid,AC,5,55,low,False,0,256.0,19.27,236.73,92.47,1.0,1024,1155,4092,4097.89
cc_260_B_Ancient_Prophesy_cpp_baseline,260_B_Ancient_Prophesy,260_B. Ancient Prophesy,code_contests,Brute Force / Simulation,CODEFORCES,8,CPP,Baseline,AC,5,326,high,False,0,2048.0,5.4,2042.6,99.74,2.0,2048,259,4484,4488.03
cc_260_B_Ancient_Prophesy_cpp_predictive,260_B_Ancient_Prophesy,260_B. Ancient Prophesy,code_contests,Brute Force / Simulation,CODEFORCES,8,CPP,Predictive,AC,5,326,high,False,0,2048.0,5.66,2042.34,99.72,2.0,2048,246,4399,4407.29
cc_260_B_Ancient_Prophesy_cpp_reactive,260_B_Ancient_Prophesy,260_B. Ancient Prophesy,code_contests,Brute Force / Simulation,CODEFORCES,8,CPP,Reactive,AC,5,326,low,False,0,256.0,5.47,250.53,97.86,1.0,1024,241,4421,4424.84
cc_260_B_Ancient_Prophesy_cpp_hybrid,260_B_Ancient_Prophesy,260_B. Ancient Prophesy,code_contests,Brute Force / Simulation,CODEFORCES,8,CPP,Hybrid,AC,5,326,high,False,0,2048.0,5.71,2042.29,99.72,2.0,2048,251,4410,4416.22
cc_260_B_Ancient_Prophesy_python_baseline,260_B_Ancient_Prophesy,260_B. Ancient Prophesy,code_contests,Brute Force / Simulation,CODEFORCES,8,PYTHON,Baseline,AC,5,326,high,False,0,2048.0,5.14,2042.86,99.75,2.0,2048,512,1521,1525.19
cc_260_B_Ancient_Prophesy_python_predictive,260_B_Ancient_Prophesy,260_B. Ancient Prophesy,code_contests,Brute Force / Simulation,CODEFORCES,8,PYTHON,Predictive,AC,5,326,low,False,0,256.0,5.46,250.54,97.87,1.0,1024,431,1346,1352.01
cc_260_B_Ancient_Prophesy_python_reactive,260_B_Ancient_Prophesy,260_B. Ancient Prophesy,code_contests,Brute Force / Simulation,CODEFORCES,8,PYTHON,Reactive,AC,5,326,low,False,0,256.0,5.05,250.95,98.03,1.0,1024,460,1371,1375.63
cc_260_B_Ancient_Prophesy_python_hybrid,260_B_Ancient_Prophesy,260_B. Ancient Prophesy,code_contests,Brute Force / Simulation,CODEFORCES,8,PYTHON,Hybrid,AC,5,326,low,False,0,256.0,4.88,251.12,98.09,1.0,1024,493,1468,1503.08
cc_260_B_Ancient_Prophesy_java_baseline,260_B_Ancient_Prophesy,260_B. Ancient Prophesy,code_contests,Brute Force / Simulation,CODEFORCES,8,JAVA,Baseline,AC,5,326,high,False,0,2048.0,18.08,2029.92,99.12,2.0,2048,740,2760,2763.63
cc_260_B_Ancient_Prophesy_java_predictive,260_B_Ancient_Prophesy,260_B. Ancient Prophesy,code_contests,Brute Force / Simulation,CODEFORCES,8,JAVA,Predictive,AC,5,326,high,False,0,2048.0,18.07,2029.93,99.12,2.0,2048,693,2960,2967.89
cc_260_B_Ancient_Prophesy_java_reactive,260_B_Ancient_Prophesy,260_B. Ancient Prophesy,code_contests,Brute Force / Simulation,CODEFORCES,8,JAVA,Reactive,AC,5,326,low,False,0,256.0,17.68,238.32,93.1,1.0,1024,722,3830,3835.22
cc_260_B_Ancient_Prophesy_java_hybrid,260_B_Ancient_Prophesy,260_B. Ancient Prophesy,code_contests,Brute Force / Simulation,CODEFORCES,8,JAVA,Hybrid,AC,5,326,high,False,0,2048.0,18.17,2029.83,99.11,2.0,2048,762,2831,2837.89
cc_284_B_Cows_and_Poker_Game_cpp_baseline,284_B_Cows_and_Poker_Game,284_B. Cows and Poker Game,code_contests,Brute Force / Simulation,CODEFORCES,8,CPP,Baseline,AC,5,39,high,False,0,2048.0,5.61,2042.39,99.73,2.0,2048,261,4243,4247.1
cc_284_B_Cows_and_Poker_Game_cpp_predictive,284_B_Cows_and_Poker_Game,284_B. Cows and Poker Game,code_contests,Brute Force / Simulation,CODEFORCES,8,CPP,Predictive,AC,5,39,low,False,0,256.0,5.62,250.38,97.81,1.0,1024,262,4192,4199.88
cc_284_B_Cows_and_Poker_Game_cpp_reactive,284_B_Cows_and_Poker_Game,284_B. Cows and Poker Game,code_contests,Brute Force / Simulation,CODEFORCES,8,CPP,Reactive,AC,5,39,low,False,0,256.0,5.5,250.5,97.85,1.0,1024,272,3867,3870.52
cc_284_B_Cows_and_Poker_Game_cpp_hybrid,284_B_Cows_and_Poker_Game,284_B. Cows and Poker Game,code_contests,Brute Force / Simulation,CODEFORCES,8,CPP,Hybrid,AC,5,39,low,False,0,256.0,5.61,250.39,97.81,1.0,1024,262,3844,3850.98
cc_284_B_Cows_and_Poker_Game_python_baseline,284_B_Cows_and_Poker_Game,284_B. Cows and Poker Game,code_contests,Brute Force / Simulation,CODEFORCES,8,PYTHON,Baseline,AC,5,39,high,False,0,2048.0,4.93,2043.07,99.76,2.0,2048,419,1274,1277.94
cc_284_B_Cows_and_Poker_Game_python_predictive,284_B_Cows_and_Poker_Game,284_B. Cows and Poker Game,code_contests,Brute Force / Simulation,CODEFORCES,8,PYTHON,Predictive,AC,5,39,high,False,0,2048.0,5.07,2042.93,99.75,2.0,2048,438,1317,1321.14
cc_284_B_Cows_and_Poker_Game_python_reactive,284_B_Cows_and_Poker_Game,284_B. Cows and Poker Game,code_contests,Brute Force / Simulation,CODEFORCES,8,PYTHON,Reactive,AC,5,39,low,False,0,256.0,4.92,251.08,98.08,1.0,1024,452,1361,1365.65
cc_284_B_Cows_and_Poker_Game_python_hybrid,284_B_Cows_and_Poker_Game,284_B. Cows and Poker Game,code_contests,Brute Force / Simulation,CODEFORCES,8,PYTHON,Hybrid,AC,5,39,high,False,0,2048.0,5.13,2042.87,99.75,2.0,2048,444,1267,1271.76
cc_284_B_Cows_and_Poker_Game_java_baseline,284_B_Cows_and_Poker_Game,284_B. Cows and Poker Game,code_contests,Brute Force / Simulation,CODEFORCES,8,JAVA,Baseline,AC,5,39,high,False,0,2048.0,19.78,2028.22,99.03,2.0,2048,1167,2985,2988.68
cc_284_B_Cows_and_Poker_Game_java_predictive,284_B_Cows_and_Poker_Game,284_B. Cows and Poker Game,code_contests,Brute Force / Simulation,CODEFORCES,8,JAVA,Predictive,AC,5,39,low,False,0,256.0,19.27,236.73,92.47,1.0,1024,1172,3842,3847.37
cc_284_B_Cows_and_Poker_Game_java_reactive,284_B_Cows_and_Poker_Game,284_B. Cows and Poker Game,code_contests,Brute Force / Simulation,CODEFORCES,8,JAVA,Reactive,AC,5,39,low,False,0,256.0,19.37,236.63,92.43,1.0,1024,1149,3921,3925.39
cc_284_B_Cows_and_Poker_Game_java_hybrid,284_B_Cows_and_Poker_Game,284_B. Cows and Poker Game,code_contests,Brute Force / Simulation,CODEFORCES,8,JAVA,Hybrid,AC,5,39,low,False,0,256.0,19.46,236.54,92.4,1.0,1024,1114,3830,3835.21
cc_309_B_Context_Advertising_cpp_baseline,309_B_Context_Advertising,309_B. Context Advertising,code_contests,DP / State Table,CODEFORCES,8,CPP,Baseline,AC,5,185,high,False,0,2048.0,5.55,2042.45,99.73,2.0,2048,234,4103,4106.5
cc_309_B_Context_Advertising_cpp_predictive,309_B_Context_Advertising,309_B. Context Advertising,code_contests,DP / State Table,CODEFORCES,8,CPP,Predictive,AC,5,185,high,False,0,2048.0,5.46,2042.54,99.73,2.0,2048,216,3763,3769.11
cc_309_B_Context_Advertising_cpp_reactive,309_B_Context_Advertising,309_B. Context Advertising,code_contests,DP / State Table,CODEFORCES,8,CPP,Reactive,AC,5,185,low,False,0,256.0,5.7,250.3,97.78,1.0,1024,232,4140,4143.63
cc_309_B_Context_Advertising_cpp_hybrid,309_B_Context_Advertising,309_B. Context Advertising,code_contests,DP / State Table,CODEFORCES,8,CPP,Hybrid,AC,5,185,high,False,0,2048.0,5.66,2042.34,99.72,2.0,2048,239,3539,3546.58
cc_309_B_Context_Advertising_java_baseline,309_B_Context_Advertising,309_B. Context Advertising,code_contests,DP / State Table,CODEFORCES,8,JAVA,Baseline,AC,5,185,high,False,0,2048.0,19.88,2028.12,99.03,2.0,2048,1080,3090,3094.71
cc_309_B_Context_Advertising_java_predictive,309_B_Context_Advertising,309_B. Context Advertising,code_contests,DP / State Table,CODEFORCES,8,JAVA,Predictive,AC,5,185,high,False,0,2048.0,20.08,2027.92,99.02,2.0,2048,1149,3177,3184.18
cc_309_B_Context_Advertising_java_reactive,309_B_Context_Advertising,309_B. Context Advertising,code_contests,DP / State Table,CODEFORCES,8,JAVA,Reactive,AC,5,185,low,False,0,256.0,19.52,236.48,92.37,1.0,1024,1158,4107,4111.02
cc_309_B_Context_Advertising_java_hybrid,309_B_Context_Advertising,309_B. Context Advertising,code_contests,DP / State Table,CODEFORCES,8,JAVA,Hybrid,AC,5,185,high,False,0,2048.0,19.77,2028.23,99.03,2.0,2048,1077,2882,2889.08
cc_331_E2_Deja_Vu_cpp_baseline,331_E2_Deja_Vu,331_E2. Deja Vu,code_contests,DP / State Table,CODEFORCES,11,CPP,Baseline,AC,5,156,high,False,0,2048.0,7.36,2040.64,99.64,2.0,2048,281,3718,3721.65
cc_331_E2_Deja_Vu_cpp_predictive,331_E2_Deja_Vu,331_E2. Deja Vu,code_contests,DP / State Table,CODEFORCES,11,CPP,Predictive,AC,5,156,high,False,0,2048.0,7.11,2040.89,99.65,2.0,2048,293,3758,3771.57
cc_331_E2_Deja_Vu_cpp_reactive,331_E2_Deja_Vu,331_E2. Deja Vu,code_contests,DP / State Table,CODEFORCES,11,CPP,Reactive,AC,5,156,low,False,0,256.0,7.21,248.79,97.18,1.0,1024,273,3900,3903.4
cc_331_E2_Deja_Vu_cpp_hybrid,331_E2_Deja_Vu,331_E2. Deja Vu,code_contests,DP / State Table,CODEFORCES,11,CPP,Hybrid,AC,5,156,high,False,0,2048.0,7.3,2040.7,99.64,2.0,2048,286,3798,3822.58
cc_379_A_New_Year_Candles_cpp_baseline,379_A_New_Year_Candles,379_A. New Year Candles,code_contests,Brute Force / Simulation,CODEFORCES,7,CPP,Baseline,AC,5,26,high,False,0,2048.0,5.69,2042.31,99.72,2.0,2048,252,4262,4266.91
cc_379_A_New_Year_Candles_cpp_predictive,379_A_New_Year_Candles,379_A. New Year Candles,code_contests,Brute Force / Simulation,CODEFORCES,7,CPP,Predictive,AC,5,26,low,False,0,256.0,5.66,250.34,97.79,1.0,1024,238,4066,4070.67
cc_379_A_New_Year_Candles_cpp_reactive,379_A_New_Year_Candles,379_A. New Year Candles,code_contests,Brute Force / Simulation,CODEFORCES,7,CPP,Reactive,AC,5,26,low,False,0,256.0,5.45,250.55,97.87,1.0,1024,234,3785,3788.28
cc_379_A_New_Year_Candles_cpp_hybrid,379_A_New_Year_Candles,379_A. New Year Candles,code_contests,Brute Force / Simulation,CODEFORCES,7,CPP,Hybrid,AC,5,26,low,False,0,256.0,5.68,250.32,97.78,1.0,1024,233,3800,3804.53
cc_379_A_New_Year_Candles_python_baseline,379_A_New_Year_Candles,379_A. New Year Candles,code_contests,Brute Force / Simulation,CODEFORCES,7,PYTHON,Baseline,AC,5,26,high,False,0,2048.0,5.08,2042.92,99.75,2.0,2048,428,1288,1291.63
cc_379_A_New_Year_Candles_python_predictive,379_A_New_Year_Candles,379_A. New Year Candles,code_contests,Brute Force / Simulation,CODEFORCES,7,PYTHON,Predictive,AC,5,26,low,False,0,256.0,5.09,250.91,98.01,1.0,1024,436,1367,1370.86
cc_379_A_New_Year_Candles_python_reactive,379_A_New_Year_Candles,379_A. New Year Candles,code_contests,Brute Force / Simulation,CODEFORCES,7,PYTHON,Reactive,AC,5,26,low,False,0,256.0,5.11,250.89,98.0,1.0,1024,452,1364,1367.69
cc_379_A_New_Year_Candles_python_hybrid,379_A_New_Year_Candles,379_A. New Year Candles,code_contests,Brute Force / Simulation,CODEFORCES,7,PYTHON,Hybrid,AC,5,26,low,False,0,256.0,5.17,250.83,97.98,1.0,1024,414,1270,1274.63
cc_379_A_New_Year_Candles_java_baseline,379_A_New_Year_Candles,379_A. New Year Candles,code_contests,Brute Force / Simulation,CODEFORCES,7,JAVA,Baseline,AC,5,26,high,False,0,2048.0,19.78,2028.22,99.03,2.0,2048,1094,2832,2835.48
cc_379_A_New_Year_Candles_java_predictive,379_A_New_Year_Candles,379_A. New Year Candles,code_contests,Brute Force / Simulation,CODEFORCES,7,JAVA,Predictive,AC,5,26,low,False,0,256.0,19.15,236.85,92.52,1.0,1024,1055,3658,3663.11
cc_379_A_New_Year_Candles_java_reactive,379_A_New_Year_Candles,379_A. New Year Candles,code_contests,Brute Force / Simulation,CODEFORCES,7,JAVA,Reactive,AC,5,26,low,False,0,256.0,19.38,236.62,92.43,1.0,1024,1113,3788,3791.39
cc_379_A_New_Year_Candles_java_hybrid,379_A_New_Year_Candles,379_A. New Year Candles,code_contests,Brute Force / Simulation,CODEFORCES,7,JAVA,Hybrid,AC,5,26,low,False,0,256.0,19.36,236.64,92.44,1.0,1024,1039,3750,3754.85
cc_425_D_Sereja_and_Squares_cpp_baseline,425_D_Sereja_and_Squares,425_D. Sereja and Squares,code_contests,Greedy / Sorting,CODEFORCES,10,CPP,Baseline,AC,5,649,high,False,0,2048.0,47.58,2000.42,97.68,2.0,2048,1079,4586,4590.65
cc_425_D_Sereja_and_Squares_cpp_predictive,425_D_Sereja_and_Squares,425_D. Sereja and Squares,code_contests,Greedy / Sorting,CODEFORCES,10,CPP,Predictive,AC,5,649,high,False,0,2048.0,47.59,2000.41,97.68,2.0,2048,1054,5097,5104.24
cc_425_D_Sereja_and_Squares_cpp_reactive,425_D_Sereja_and_Squares,425_D. Sereja and Squares,code_contests,Greedy / Sorting,CODEFORCES,10,CPP,Reactive,AC,5,649,low,False,0,256.0,47.52,208.48,81.44,1.0,1024,1111,5016,5021.29
cc_425_D_Sereja_and_Squares_cpp_hybrid,425_D_Sereja_and_Squares,425_D. Sereja and Squares,code_contests,Greedy / Sorting,CODEFORCES,10,CPP,Hybrid,AC,5,649,high,False,0,2048.0,47.47,2000.53,97.68,2.0,2048,1088,4524,4533.2
cc_425_D_Sereja_and_Squares_java_baseline,425_D_Sereja_and_Squares,425_D. Sereja and Squares,code_contests,Greedy / Sorting,CODEFORCES,10,JAVA,Baseline,AC,5,649,high,False,0,2048.0,18.17,2029.83,99.11,2.0,2048,700,2635,2638.95
cc_425_D_Sereja_and_Squares_java_predictive,425_D_Sereja_and_Squares,425_D. Sereja and Squares,code_contests,Greedy / Sorting,CODEFORCES,10,JAVA,Predictive,AC,5,649,high,False,0,2048.0,18.22,2029.78,99.11,2.0,2048,687,2739,2746.54
cc_425_D_Sereja_and_Squares_java_reactive,425_D_Sereja_and_Squares,425_D. Sereja and Squares,code_contests,Greedy / Sorting,CODEFORCES,10,JAVA,Reactive,AC,5,649,low,False,0,256.0,17.54,238.46,93.15,1.0,1024,709,3894,3897.37
cc_425_D_Sereja_and_Squares_java_hybrid,425_D_Sereja_and_Squares,425_D. Sereja and Squares,code_contests,Greedy / Sorting,CODEFORCES,10,JAVA,Hybrid,AC,5,649,high,False,0,2048.0,18.1,2029.9,99.12,2.0,2048,757,2886,2892.44
cc_44_B_Cola_cpp_baseline,44_B_Cola,44_B. Cola,code_contests,Brute Force / Simulation,CODEFORCES,8,CPP,Baseline,AC,5,45,high,False,0,2048.0,5.74,2042.26,99.72,2.0,2048,245,3967,3970.4
cc_44_B_Cola_cpp_predictive,44_B_Cola,44_B. Cola,code_contests,Brute Force / Simulation,CODEFORCES,8,CPP,Predictive,AC,5,45,low,False,0,256.0,5.59,250.41,97.82,1.0,1024,240,4097,4102.56
cc_44_B_Cola_cpp_reactive,44_B_Cola,44_B. Cola,code_contests,Brute Force / Simulation,CODEFORCES,8,CPP,Reactive,AC,5,45,low,False,0,256.0,5.88,250.12,97.7,1.0,1024,230,3816,3820.12
cc_44_B_Cola_cpp_hybrid,44_B_Cola,44_B. Cola,code_contests,Brute Force / Simulation,CODEFORCES,8,CPP,Hybrid,AC,5,45,low,False,0,256.0,5.46,250.54,97.87,1.0,1024,250,3847,3851.79
cc_44_B_Cola_python_baseline,44_B_Cola,44_B. Cola,code_contests,Brute Force / Simulation,CODEFORCES,8,PYTHON,Baseline,AC,5,45,high,False,0,2048.0,5.13,2042.87,99.75,2.0,2048,423,1292,1296.83
cc_44_B_Cola_python_predictive,44_B_Cola,44_B. Cola,code_contests,Brute Force / Simulation,CODEFORCES,8,PYTHON,Predictive,AC,5,45,low,False,0,256.0,5.17,250.83,97.98,1.0,1024,450,1363,1367.31
cc_44_B_Cola_python_reactive,44_B_Cola,44_B. Cola,code_contests,Brute Force / Simulation,CODEFORCES,8,PYTHON,Reactive,AC,5,45,low,False,0,256.0,5.27,250.73,97.94,1.0,1024,471,1379,1383.35
cc_44_B_Cola_python_hybrid,44_B_Cola,44_B. Cola,code_contests,Brute Force / Simulation,CODEFORCES,8,PYTHON,Hybrid,AC,5,45,low,False,0,256.0,5.13,250.87,97.99,1.0,1024,414,1235,1239.9
cc_44_B_Cola_java_baseline,44_B_Cola,44_B. Cola,code_contests,Brute Force / Simulation,CODEFORCES,8,JAVA,Baseline,AC,5,45,high,False,0,2048.0,19.52,2028.48,99.05,2.0,2048,1146,2914,2917.8
cc_44_B_Cola_java_predictive,44_B_Cola,44_B. Cola,code_contests,Brute Force / Simulation,CODEFORCES,8,JAVA,Predictive,AC,5,45,low,False,0,256.0,19.38,236.62,92.43,1.0,1024,1139,3760,3765.13
cc_44_B_Cola_java_reactive,44_B_Cola,44_B. Cola,code_contests,Brute Force / Simulation,CODEFORCES,8,JAVA,Reactive,AC,5,45,low,False,0,256.0,19.3,236.7,92.46,1.0,1024,1132,3884,3887.55
cc_44_B_Cola_java_hybrid,44_B_Cola,44_B. Cola,code_contests,Brute Force / Simulation,CODEFORCES,8,JAVA,Hybrid,AC,5,45,low,False,0,256.0,19.34,236.66,92.44,1.0,1024,1112,3742,3747.25
cc_494_D_Birthday_cpp_baseline,494_D_Birthday,494_D. Birthday,code_contests,Data Structures,CODEFORCES,10,CPP,Baseline,AC,5,642,high,False,0,2048.0,11.19,2036.81,99.45,2.0,2048,408,4624,4628.69
cc_494_D_Birthday_cpp_predictive,494_D_Birthday,494_D. Birthday,code_contests,Data Structures,CODEFORCES,10,CPP,Predictive,AC,5,642,high,False,0,2048.0,11.23,2036.77,99.45,2.0,2048,370,4039,4050.65
cc_494_D_Birthday_cpp_reactive,494_D_Birthday,494_D. Birthday,code_contests,Data Structures,CODEFORCES,10,CPP,Reactive,AC,5,642,low,False,0,256.0,11.55,244.45,95.49,1.0,1024,417,4410,4414.11
cc_494_D_Birthday_cpp_hybrid,494_D_Birthday,494_D. Birthday,code_contests,Data Structures,CODEFORCES,10,CPP,Hybrid,AC,5,642,high,False,0,2048.0,11.24,2036.76,99.45,2.0,2048,373,4274,4290.24
cc_494_D_Birthday_java_baseline,494_D_Birthday,494_D. Birthday,code_contests,Data Structures,CODEFORCES,10,JAVA,Baseline,AC,5,642,high,False,0,2048.0,17.95,2030.05,99.12,2.0,2048,665,2715,2719.03
cc_494_D_Birthday_java_predictive,494_D_Birthday,494_D. Birthday,code_contests,Data Structures,CODEFORCES,10,JAVA,Predictive,AC,5,642,high,False,0,2048.0,17.85,2030.15,99.13,2.0,2048,703,2893,2905.19
cc_494_D_Birthday_java_reactive,494_D_Birthday,494_D. Birthday,code_contests,Data Structures,CODEFORCES,10,JAVA,Reactive,AC,5,642,low,False,0,256.0,17.45,238.55,93.19,1.0,1024,713,3950,3954.11
cc_494_D_Birthday_java_hybrid,494_D_Birthday,494_D. Birthday,code_contests,Data Structures,CODEFORCES,10,JAVA,Hybrid,AC,5,642,high,False,0,2048.0,18.14,2029.86,99.11,2.0,2048,703,2853,2865.69
cc_519_B_A_and_B_and_Compilation_Errors_python_baseline,519_B_A_and_B_and_Compilation_Errors,519_B. A and B and Compilation Errors,code_contests,Data Structures,CODEFORCES,8,PYTHON,Baseline,AC,5,123,high,False,0,2048.0,4.84,2043.16,99.76,2.0,2048,431,1378,1382.78
cc_519_B_A_and_B_and_Compilation_Errors_python_predictive,519_B_A_and_B_and_Compilation_Errors,519_B. A and B and Compilation Errors,code_contests,Data Structures,CODEFORCES,8,PYTHON,Predictive,AC,5,123,high,False,0,2048.0,5.13,2042.87,99.75,2.0,2048,411,1241,1245.39
cc_519_B_A_and_B_and_Compilation_Errors_python_reactive,519_B_A_and_B_and_Compilation_Errors,519_B. A and B and Compilation Errors,code_contests,Data Structures,CODEFORCES,8,PYTHON,Reactive,AC,5,123,low,False,0,256.0,5.24,250.76,97.95,1.0,1024,431,1329,1332.66
cc_519_B_A_and_B_and_Compilation_Errors_python_hybrid,519_B_A_and_B_and_Compilation_Errors,519_B. A and B and Compilation Errors,code_contests,Data Structures,CODEFORCES,8,PYTHON,Hybrid,AC,5,123,high,False,0,2048.0,4.86,2043.14,99.76,2.0,2048,488,1496,1500.06
cc_519_B_A_and_B_and_Compilation_Errors_cpp_baseline,519_B_A_and_B_and_Compilation_Errors,519_B. A and B and Compilation Errors,code_contests,Data Structures,CODEFORCES,8,CPP,Baseline,AC,5,123,high,False,0,2048.0,5.34,2042.66,99.74,2.0,2048,256,4218,4222.1
cc_519_B_A_and_B_and_Compilation_Errors_cpp_predictive,519_B_A_and_B_and_Compilation_Errors,519_B. A and B and Compilation Errors,code_contests,Data Structures,CODEFORCES,8,CPP,Predictive,AC,5,123,low,False,0,256.0,5.73,250.27,97.76,1.0,1024,237,3908,3913.49
cc_519_B_A_and_B_and_Compilation_Errors_cpp_reactive,519_B_A_and_B_and_Compilation_Errors,519_B. A and B and Compilation Errors,code_contests,Data Structures,CODEFORCES,8,CPP,Reactive,AC,5,123,low,False,0,256.0,5.91,250.09,97.69,1.0,1024,237,4124,4127.72
cc_519_B_A_and_B_and_Compilation_Errors_cpp_hybrid,519_B_A_and_B_and_Compilation_Errors,519_B. A and B and Compilation Errors,code_contests,Data Structures,CODEFORCES,8,CPP,Hybrid,AC,5,123,low,False,0,256.0,5.38,250.62,97.9,1.0,1024,259,4338,4343.72
cc_519_B_A_and_B_and_Compilation_Errors_java_baseline,519_B_A_and_B_and_Compilation_Errors,519_B. A and B and Compilation Errors,code_contests,Data Structures,CODEFORCES,8,JAVA,Baseline,AC,5,123,high,False,0,2048.0,19.75,2028.25,99.04,2.0,2048,1255,3405,3409.83
cc_519_B_A_and_B_and_Compilation_Errors_java_predictive,519_B_A_and_B_and_Compilation_Errors,519_B. A and B and Compilation Errors,code_contests,Data Structures,CODEFORCES,8,JAVA,Predictive,AC,5,123,low,False,0,256.0,19.35,236.65,92.44,1.0,1024,1254,4234,4241.04
cc_519_B_A_and_B_and_Compilation_Errors_java_reactive,519_B_A_and_B_and_Compilation_Errors,519_B. A and B and Compilation Errors,code_contests,Data Structures,CODEFORCES,8,JAVA,Reactive,AC,5,123,low,False,0,256.0,19.29,236.71,92.47,1.0,1024,1211,4296,4300.22
cc_519_B_A_and_B_and_Compilation_Errors_java_hybrid,519_B_A_and_B_and_Compilation_Errors,519_B. A and B and Compilation Errors,code_contests,Data Structures,CODEFORCES,8,JAVA,Hybrid,AC,5,123,low,False,0,256.0,19.26,236.74,92.48,1.0,1024,1245,4217,4224.86
cc_545_C_Woodcutters_python_baseline,545_C_Woodcutters,545_C. Woodcutters,code_contests,DP / State Table,CODEFORCES,9,PYTHON,Baseline,AC,5,288,high,False,0,2048.0,5.45,2042.55,99.73,2.0,2048,458,1335,1339.54
cc_545_C_Woodcutters_python_predictive,545_C_Woodcutters,545_C. Woodcutters,code_contests,DP / State Table,CODEFORCES,9,PYTHON,Predictive,AC,5,288,high,False,0,2048.0,5.24,2042.76,99.74,2.0,2048,417,1256,1262.23
cc_545_C_Woodcutters_python_reactive,545_C_Woodcutters,545_C. Woodcutters,code_contests,DP / State Table,CODEFORCES,9,PYTHON,Reactive,AC,5,288,low,False,0,256.0,5.17,250.83,97.98,1.0,1024,475,1374,1378.76
cc_545_C_Woodcutters_python_hybrid,545_C_Woodcutters,545_C. Woodcutters,code_contests,DP / State Table,CODEFORCES,9,PYTHON,Hybrid,AC,5,288,high,False,0,2048.0,5.34,2042.66,99.74,2.0,2048,420,1340,1346.18
cc_545_C_Woodcutters_cpp_baseline,545_C_Woodcutters,545_C. Woodcutters,code_contests,DP / State Table,CODEFORCES,9,CPP,Baseline,AC,5,288,high,False,0,2048.0,5.58,2042.42,99.73,2.0,2048,235,3675,3679.27
cc_545_C_Woodcutters_cpp_predictive,545_C_Woodcutters,545_C. Woodcutters,code_contests,DP / State Table,CODEFORCES,9,CPP,Predictive,AC,5,288,high,False,0,2048.0,5.54,2042.46,99.73,2.0,2048,253,3737,3742.96
cc_545_C_Woodcutters_cpp_reactive,545_C_Woodcutters,545_C. Woodcutters,code_contests,DP / State Table,CODEFORCES,9,CPP,Reactive,AC,5,288,low,False,0,256.0,5.44,250.56,97.87,1.0,1024,242,3653,3657.03
cc_545_C_Woodcutters_cpp_hybrid,545_C_Woodcutters,545_C. Woodcutters,code_contests,DP / State Table,CODEFORCES,9,CPP,Hybrid,AC,5,288,high,False,0,2048.0,5.65,2042.35,99.72,2.0,2048,251,3747,3753.19
cc_571_E_Geometric_Progressions_cpp_baseline,571_E_Geometric_Progressions,571_E. Geometric Progressions,code_contests,Number Theory / Math,CODEFORCES,11,CPP,Baseline,AC,5,130,high,False,0,2048.0,7.99,2040.01,99.61,2.0,2048,287,3787,3790.64
cc_571_E_Geometric_Progressions_cpp_predictive,571_E_Geometric_Progressions,571_E. Geometric Progressions,code_contests,Number Theory / Math,CODEFORCES,11,CPP,Predictive,AC,5,130,high,False,0,2048.0,7.87,2040.13,99.62,2.0,2048,289,3766,3779.7
cc_571_E_Geometric_Progressions_cpp_reactive,571_E_Geometric_Progressions,571_E. Geometric Progressions,code_contests,Number Theory / Math,CODEFORCES,11,CPP,Reactive,AC,5,130,low,False,0,256.0,7.86,248.14,96.93,1.0,1024,289,3716,3719.54
cc_571_E_Geometric_Progressions_cpp_hybrid,571_E_Geometric_Progressions,571_E. Geometric Progressions,code_contests,Number Theory / Math,CODEFORCES,11,CPP,Hybrid,AC,5,130,high,False,0,2048.0,8.0,2040.0,99.61,2.0,2048,279,3663,3681.59
cc_593_C_Beautiful_Function_cpp_baseline,593_C_Beautiful_Function,593_C. Beautiful Function,code_contests,Number Theory / Math,CODEFORCES,9,CPP,Baseline,AC,5,523,high,False,0,2048.0,5.58,2042.42,99.73,2.0,2048,245,4226,4230.98
cc_593_C_Beautiful_Function_cpp_predictive,593_C_Beautiful_Function,593_C. Beautiful Function,code_contests,Number Theory / Math,CODEFORCES,9,CPP,Predictive,AC,5,523,low,False,0,256.0,5.46,250.54,97.87,1.0,1024,261,3695,3701.11
cc_593_C_Beautiful_Function_cpp_reactive,593_C_Beautiful_Function,593_C. Beautiful Function,code_contests,Number Theory / Math,CODEFORCES,9,CPP,Reactive,AC,5,523,low,False,0,256.0,5.67,250.33,97.79,1.0,1024,261,3660,3663.82
cc_593_C_Beautiful_Function_cpp_hybrid,593_C_Beautiful_Function,593_C. Beautiful Function,code_contests,Number Theory / Math,CODEFORCES,9,CPP,Hybrid,AC,5,523,low,False,0,256.0,5.84,250.16,97.72,1.0,1024,264,3727,3732.38
cc_615_A_Bulbs_python_baseline,615_A_Bulbs,615_A. Bulbs,code_contests,Brute Force / Simulation,CODEFORCES,7,PYTHON,Baseline,AC,5,420,high,False,0,2048.0,5.04,2042.96,99.75,2.0,2048,404,1281,1284.99
cc_615_A_Bulbs_python_predictive,615_A_Bulbs,615_A. Bulbs,code_contests,Brute Force / Simulation,CODEFORCES,7,PYTHON,Predictive,AC,5,420,high,False,0,2048.0,5.11,2042.89,99.75,2.0,2048,424,1262,1266.6
cc_615_A_Bulbs_python_reactive,615_A_Bulbs,615_A. Bulbs,code_contests,Brute Force / Simulation,CODEFORCES,7,PYTHON,Reactive,AC,5,420,low,False,0,256.0,5.24,250.76,97.95,1.0,1024,472,1340,1344.83
cc_615_A_Bulbs_python_hybrid,615_A_Bulbs,615_A. Bulbs,code_contests,Brute Force / Simulation,CODEFORCES,7,PYTHON,Hybrid,AC,5,420,high,False,0,2048.0,5.3,2042.7,99.74,2.0,2048,448,1337,1341.55
cc_615_A_Bulbs_cpp_baseline,615_A_Bulbs,615_A. Bulbs,code_contests,Brute Force / Simulation,CODEFORCES,7,CPP,Baseline,AC,5,420,high,False,0,2048.0,5.43,2042.57,99.73,2.0,2048,250,4224,4227.66
cc_615_A_Bulbs_cpp_predictive,615_A_Bulbs,615_A. Bulbs,code_contests,Brute Force / Simulation,CODEFORCES,7,CPP,Predictive,AC,5,420,low,False,0,256.0,5.5,250.5,97.85,1.0,1024,240,3875,3879.94
cc_615_A_Bulbs_cpp_reactive,615_A_Bulbs,615_A. Bulbs,code_contests,Brute Force / Simulation,CODEFORCES,7,CPP,Reactive,AC,5,420,low,False,0,256.0,5.33,250.67,97.92,1.0,1024,246,3759,3762.63
cc_615_A_Bulbs_cpp_hybrid,615_A_Bulbs,615_A. Bulbs,code_contests,Brute Force / Simulation,CODEFORCES,7,CPP,Hybrid,AC,5,420,low,False,0,256.0,5.43,250.57,97.88,1.0,1024,243,3735,3740.97
cc_634_C_Factory_Repairs_python_baseline,634_C_Factory_Repairs,634_C. Factory Repairs,code_contests,Data Structures,CODEFORCES,9,PYTHON,Baseline,AC,5,213,high,False,0,2048.0,8.78,2039.22,99.57,2.0,2048,875,1758,1761.46
cc_634_C_Factory_Repairs_python_predictive,634_C_Factory_Repairs,634_C. Factory Repairs,code_contests,Data Structures,CODEFORCES,9,PYTHON,Predictive,AC,5,213,high,False,0,2048.0,8.66,2039.34,99.58,2.0,2048,793,1676,1682.88
cc_634_C_Factory_Repairs_python_reactive,634_C_Factory_Repairs,634_C. Factory Repairs,code_contests,Data Structures,CODEFORCES,9,PYTHON,Reactive,AC,5,213,low,False,0,256.0,8.8,247.2,96.56,1.0,1024,815,1731,1735.61
cc_634_C_Factory_Repairs_python_hybrid,634_C_Factory_Repairs,634_C. Factory Repairs,code_contests,Data Structures,CODEFORCES,9,PYTHON,Hybrid,AC,5,213,high,False,0,2048.0,8.82,2039.18,99.57,2.0,2048,897,1866,1873.3
cc_634_C_Factory_Repairs_cpp_baseline,634_C_Factory_Repairs,634_C. Factory Repairs,code_contests,Data Structures,CODEFORCES,9,CPP,Baseline,AC,5,213,high,False,0,2048.0,7.83,2040.17,99.62,2.0,2048,296,3646,3650.39
cc_634_C_Factory_Repairs_cpp_predictive,634_C_Factory_Repairs,634_C. Factory Repairs,code_contests,Data Structures,CODEFORCES,9,CPP,Predictive,AC,5,213,high,False,0,2048.0,7.77,2040.23,99.62,2.0,2048,302,3649,3654.78
cc_634_C_Factory_Repairs_cpp_reactive,634_C_Factory_Repairs,634_C. Factory Repairs,code_contests,Data Structures,CODEFORCES,9,CPP,Reactive,AC,5,213,low,False,0,256.0,7.59,248.41,97.04,1.0,1024,332,3839,3842.8
cc_634_C_Factory_Repairs_cpp_hybrid,634_C_Factory_Repairs,634_C. Factory Repairs,code_contests,Data Structures,CODEFORCES,9,CPP,Hybrid,AC,5,213,high,False,0,2048.0,7.73,2040.27,99.62,2.0,2048,302,3651,3658.33
cc_687_D_Dividing_Kingdom_II_cpp_baseline,687_D_Dividing_Kingdom_II,687_D. Dividing Kingdom II,code_contests,Brute Force / Simulation,CODEFORCES,10,CPP,Baseline,AC,5,530,high,False,0,2048.0,5.62,2042.38,99.73,2.0,2048,229,3505,3509.24
cc_687_D_Dividing_Kingdom_II_cpp_predictive,687_D_Dividing_Kingdom_II,687_D. Dividing Kingdom II,code_contests,Brute Force / Simulation,CODEFORCES,10,CPP,Predictive,AC,5,530,high,False,0,2048.0,5.58,2042.42,99.73,2.0,2048,231,3679,3687.36
cc_687_D_Dividing_Kingdom_II_cpp_reactive,687_D_Dividing_Kingdom_II,687_D. Dividing Kingdom II,code_contests,Brute Force / Simulation,CODEFORCES,10,CPP,Reactive,AC,5,530,low,False,0,256.0,5.65,250.35,97.79,1.0,1024,225,3834,3837.64
cc_687_D_Dividing_Kingdom_II_cpp_hybrid,687_D_Dividing_Kingdom_II,687_D. Dividing Kingdom II,code_contests,Brute Force / Simulation,CODEFORCES,10,CPP,Hybrid,AC,5,530,high,False,0,2048.0,5.35,2042.65,99.74,2.0,2048,238,3720,3726.42
cc_70_C_Lucky_Tickets_cpp_baseline,70_C_Lucky_Tickets,70_C. Lucky Tickets,code_contests,Greedy / Sorting,CODEFORCES,9,CPP,Baseline,AC,5,47,high,False,0,2048.0,10.96,2037.04,99.46,2.0,2048,1305,4682,4686.5
cc_70_C_Lucky_Tickets_cpp_predictive,70_C_Lucky_Tickets,70_C. Lucky Tickets,code_contests,Greedy / Sorting,CODEFORCES,9,CPP,Predictive,AC,5,47,high,False,0,2048.0,10.98,2037.02,99.46,2.0,2048,1564,5646,5654.56
cc_70_C_Lucky_Tickets_cpp_reactive,70_C_Lucky_Tickets,70_C. Lucky Tickets,code_contests,Greedy / Sorting,CODEFORCES,9,CPP,Reactive,AC,5,47,low,False,0,256.0,11.07,244.93,95.68,1.0,1024,1291,4893,4897.04
cc_70_C_Lucky_Tickets_cpp_hybrid,70_C_Lucky_Tickets,70_C. Lucky Tickets,code_contests,Greedy / Sorting,CODEFORCES,9,CPP,Hybrid,AC,5,47,high,False,0,2048.0,11.04,2036.96,99.46,2.0,2048,1307,5047,5055.8
cc_730_J_Bottles_python_baseline,730_J_Bottles,730_J. Bottles,code_contests,DP / State Table,CODEFORCES,16,PYTHON,Baseline,AC,5,323,high,False,0,2048.0,6.91,2041.09,99.66,2.0,2048,448,1366,1369.56
cc_730_J_Bottles_python_predictive,730_J_Bottles,730_J. Bottles,code_contests,DP / State Table,CODEFORCES,16,PYTHON,Predictive,AC,5,323,high,False,0,2048.0,6.64,2041.36,99.68,2.0,2048,436,1250,1254.98
cc_730_J_Bottles_python_reactive,730_J_Bottles,730_J. Bottles,code_contests,DP / State Table,CODEFORCES,16,PYTHON,Reactive,AC,5,323,low,False,0,256.0,6.8,249.2,97.34,1.0,1024,468,1349,1353.29
cc_730_J_Bottles_python_hybrid,730_J_Bottles,730_J. Bottles,code_contests,DP / State Table,CODEFORCES,16,PYTHON,Hybrid,AC,5,323,high,False,0,2048.0,6.7,2041.3,99.67,2.0,2048,444,1363,1367.21
cc_730_J_Bottles_cpp_baseline,730_J_Bottles,730_J. Bottles,code_contests,DP / State Table,CODEFORCES,16,CPP,Baseline,AC,5,323,high,False,0,2048.0,5.5,2042.5,99.73,2.0,2048,249,3562,3565.95
cc_730_J_Bottles_cpp_predictive,730_J_Bottles,730_J. Bottles,code_contests,DP / State Table,CODEFORCES,16,CPP,Predictive,AC,5,323,high,False,0,2048.0,5.76,2042.24,99.72,2.0,2048,243,3464,3469.8
cc_730_J_Bottles_cpp_reactive,730_J_Bottles,730_J. Bottles,code_contests,DP / State Table,CODEFORCES,16,CPP,Reactive,AC,5,323,low,False,0,256.0,5.5,250.5,97.85,1.0,1024,243,3463,3467.07
cc_730_J_Bottles_cpp_hybrid,730_J_Bottles,730_J. Bottles,code_contests,DP / State Table,CODEFORCES,16,CPP,Hybrid,AC,5,323,high,False,0,2048.0,5.75,2042.25,99.72,2.0,2048,221,3520,3528.01
cc_754_E_Dasha_and_cyclic_table_cpp_baseline,754_E_Dasha_and_cyclic_table,754_E. Dasha and cyclic table,code_contests,Bitmask / Bits,CODEFORCES,11,CPP,Baseline,AC,5,588,high,False,0,2048.0,5.58,2042.42,99.73,2.0,2048,275,4642,4645.41
cc_754_E_Dasha_and_cyclic_table_cpp_predictive,754_E_Dasha_and_cyclic_table,754_E. Dasha and cyclic table,code_contests,Bitmask / Bits,CODEFORCES,11,CPP,Predictive,AC,5,588,high,False,0,2048.0,5.53,2042.47,99.73,2.0,2048,271,4200,4218.07
cc_754_E_Dasha_and_cyclic_table_cpp_reactive,754_E_Dasha_and_cyclic_table,754_E. Dasha and cyclic table,code_contests,Bitmask / Bits,CODEFORCES,11,CPP,Reactive,AC,5,588,low,False,0,256.0,5.52,250.48,97.84,1.0,1024,269,4052,4055.36
cc_754_E_Dasha_and_cyclic_table_cpp_hybrid,754_E_Dasha_and_cyclic_table,754_E. Dasha and cyclic table,code_contests,Bitmask / Bits,CODEFORCES,11,CPP,Hybrid,AC,5,588,high,False,0,2048.0,5.45,2042.55,99.73,2.0,2048,276,3996,4008.96
cc_7_B_Memory_Manager_python_baseline,7_B_Memory_Manager,7_B. Memory Manager,code_contests,Brute Force / Simulation,CODEFORCES,8,PYTHON,Baseline,AC,5,785,high,False,0,2048.0,5.21,2042.79,99.75,2.0,2048,511,1448,1454.14
cc_7_B_Memory_Manager_python_predictive,7_B_Memory_Manager,7_B. Memory Manager,code_contests,Brute Force / Simulation,CODEFORCES,8,PYTHON,Predictive,AC,5,785,high,False,0,2048.0,5.21,2042.79,99.75,2.0,2048,425,1294,1300.23
cc_7_B_Memory_Manager_python_reactive,7_B_Memory_Manager,7_B. Memory Manager,code_contests,Brute Force / Simulation,CODEFORCES,8,PYTHON,Reactive,AC,5,785,low,False,0,256.0,5.26,250.74,97.94,1.0,1024,420,1260,1264.01
cc_7_B_Memory_Manager_python_hybrid,7_B_Memory_Manager,7_B. Memory Manager,code_contests,Brute Force / Simulation,CODEFORCES,8,PYTHON,Hybrid,AC,5,785,high,False,0,2048.0,5.31,2042.69,99.74,2.0,2048,482,1406,1411.66
cc_7_B_Memory_Manager_cpp_baseline,7_B_Memory_Manager,7_B. Memory Manager,code_contests,Brute Force / Simulation,CODEFORCES,8,CPP,Baseline,AC,5,785,high,False,0,2048.0,5.67,2042.33,99.72,2.0,2048,260,4476,4479.92
cc_7_B_Memory_Manager_cpp_predictive,7_B_Memory_Manager,7_B. Memory Manager,code_contests,Brute Force / Simulation,CODEFORCES,8,CPP,Predictive,AC,5,785,high,False,0,2048.0,5.38,2042.62,99.74,2.0,2048,250,3868,3877.88
cc_7_B_Memory_Manager_cpp_reactive,7_B_Memory_Manager,7_B. Memory Manager,code_contests,Brute Force / Simulation,CODEFORCES,8,CPP,Reactive,AC,5,785,low,False,0,256.0,5.63,250.37,97.8,1.0,1024,251,3768,3773.42
cc_7_B_Memory_Manager_cpp_hybrid,7_B_Memory_Manager,7_B. Memory Manager,code_contests,Brute Force / Simulation,CODEFORCES,8,CPP,Hybrid,AC,5,785,high,False,0,2048.0,5.58,2042.42,99.73,2.0,2048,252,3626,3634.31
cc_820_D_Mister_B_and_PR_Shifts_python_baseline,820_D_Mister_B_and_PR_Shifts,820_D. Mister B and PR Shifts,code_contests,Data Structures,CODEFORCES,10,PYTHON,Baseline,AC,5,44,high,False,0,2048.0,4.98,2043.02,99.76,2.0,2048,441,1337,1340.43
cc_820_D_Mister_B_and_PR_Shifts_python_predictive,820_D_Mister_B_and_PR_Shifts,820_D. Mister B and PR Shifts,code_contests,Data Structures,CODEFORCES,10,PYTHON,Predictive,AC,5,44,high,False,0,2048.0,5.14,2042.86,99.75,2.0,2048,477,1299,1305.07
cc_820_D_Mister_B_and_PR_Shifts_python_reactive,820_D_Mister_B_and_PR_Shifts,820_D. Mister B and PR Shifts,code_contests,Data Structures,CODEFORCES,10,PYTHON,Reactive,AC,5,44,low,False,0,256.0,4.91,251.09,98.08,1.0,1024,442,1300,1303.26
cc_820_D_Mister_B_and_PR_Shifts_python_hybrid,820_D_Mister_B_and_PR_Shifts,820_D. Mister B and PR Shifts,code_contests,Data Structures,CODEFORCES,10,PYTHON,Hybrid,AC,5,44,high,False,0,2048.0,5.07,2042.93,99.75,2.0,2048,460,1355,1360.65
cc_820_D_Mister_B_and_PR_Shifts_cpp_baseline,820_D_Mister_B_and_PR_Shifts,820_D. Mister B and PR Shifts,code_contests,Data Structures,CODEFORCES,10,CPP,Baseline,AC,5,44,high,False,0,2048.0,5.64,2042.36,99.72,2.0,2048,254,4110,4114.42
cc_820_D_Mister_B_and_PR_Shifts_cpp_predictive,820_D_Mister_B_and_PR_Shifts,820_D. Mister B and PR Shifts,code_contests,Data Structures,CODEFORCES,10,CPP,Predictive,AC,5,44,high,False,0,2048.0,5.48,2042.52,99.73,2.0,2048,225,3231,3237.54
cc_820_D_Mister_B_and_PR_Shifts_cpp_reactive,820_D_Mister_B_and_PR_Shifts,820_D. Mister B and PR Shifts,code_contests,Data Structures,CODEFORCES,10,CPP,Reactive,AC,5,44,low,False,0,256.0,5.41,250.59,97.89,1.0,1024,212,3151,3155.28
cc_820_D_Mister_B_and_PR_Shifts_cpp_hybrid,820_D_Mister_B_and_PR_Shifts,820_D. Mister B and PR Shifts,code_contests,Data Structures,CODEFORCES,10,CPP,Hybrid,AC,5,44,high,False,0,2048.0,5.49,2042.51,99.73,2.0,2048,214,3139,3146.36
cc_846_E_Chemistry_in_Berland_python_baseline,846_E_Chemistry_in_Berland,846_E. Chemistry in Berland,code_contests,Graph / Trees,CODEFORCES,11,PYTHON,Baseline,AC,5,397,high,False,0,2048.0,5.2,2042.8,99.75,2.0,2048,398,1153,1156.55
cc_846_E_Chemistry_in_Berland_python_predictive,846_E_Chemistry_in_Berland,846_E. Chemistry in Berland,code_contests,Graph / Trees,CODEFORCES,11,PYTHON,Predictive,AC,5,397,high,False,0,2048.0,5.07,2042.93,99.75,2.0,2048,375,1123,1128.56
cc_846_E_Chemistry_in_Berland_python_reactive,846_E_Chemistry_in_Berland,846_E. Chemistry in Berland,code_contests,Graph / Trees,CODEFORCES,11,PYTHON,Reactive,AC,5,397,low,False,0,256.0,5.0,251.0,98.05,1.0,1024,404,1225,1228.23
cc_846_E_Chemistry_in_Berland_python_hybrid,846_E_Chemistry_in_Berland,846_E. Chemistry in Berland,code_contests,Graph / Trees,CODEFORCES,11,PYTHON,Hybrid,AC,5,397,high,False,0,2048.0,5.18,2042.82,99.75,2.0,2048,392,1160,1164.78
