submission_id,problem_id,problem_name,category,language,strategy,verdict,allocated_mb,used_mb,wasted_mb,wasted_pct,allocated_cpu_cores,cpu_shares,tier_started,cpu_time_ms,container_wall_ms,e2e_request_to_verdict_ms,tier_promoted,promotion_time_ms
bench_P4_trips_bfs_cpp_baseline,P4_trips_bfs,1037_E. Trips,Graph Traversal,CPP,Baseline,AC,2048.0,6.39,2041.61,99.69,2.0,2048,high,17,1219,1224.23,False,0
bench_P4_trips_bfs_cpp_predictive,P4_trips_bfs,1037_E. Trips,Graph Traversal,CPP,Predictive,AC,2048.0,6.73,2041.27,99.67,2.0,2048,high,17,1218,1226.24,False,0
bench_P4_trips_bfs_cpp_reactive,P4_trips_bfs,1037_E. Trips,Graph Traversal,CPP,Reactive,AC,256.0,6.33,249.67,97.53,1.0,1024,low,17,1222,1228.44,False,0
bench_P4_trips_bfs_cpp_hybrid,P4_trips_bfs,1037_E. Trips,Graph Traversal,CPP,Hybrid,AC,2048.0,6.63,2041.37,99.68,2.0,2048,high,17,1237,1246.34,False,0
bench_P4_trips_bfs_java_baseline,P4_trips_bfs,1037_E. Trips,Graph Traversal,JAVA,Baseline,AC,2048.0,24.63,2023.37,98.8,2.0,2048,high,39,649,786.35,False,0
bench_P4_trips_bfs_java_predictive,P4_trips_bfs,1037_E. Trips,Graph Traversal,JAVA,Predictive,AC,2048.0,23.74,2024.26,98.84,2.0,2048,high,41,640,649.74,False,0
bench_P4_trips_bfs_java_reactive,P4_trips_bfs,1037_E. Trips,Graph Traversal,JAVA,Reactive,AC,256.0,21.15,234.85,91.74,1.0,1024,low,52,893,912.71,False,0
bench_P4_trips_bfs_java_hybrid,P4_trips_bfs,1037_E. Trips,Graph Traversal,JAVA,Hybrid,AC,2048.0,22.76,2025.24,98.89,2.0,2048,high,40,633,640.79,False,0
bench_P4_trips_bfs_python_baseline,P4_trips_bfs,1037_E. Trips,Graph Traversal,PYTHON,Baseline,AC,2048.0,11.05,2036.95,99.46,2.0,2048,high,38,264,268.26,False,0
bench_P4_trips_bfs_python_predictive,P4_trips_bfs,1037_E. Trips,Graph Traversal,PYTHON,Predictive,AC,2048.0,13.44,2034.56,99.34,2.0,2048,high,36,258,267.33,False,0
bench_P4_trips_bfs_python_reactive,P4_trips_bfs,1037_E. Trips,Graph Traversal,PYTHON,Reactive,AC,256.0,12.94,243.06,94.95,1.0,1024,low,36,265,272.62,False,0
bench_P4_trips_bfs_python_hybrid,P4_trips_bfs,1037_E. Trips,Graph Traversal,PYTHON,Hybrid,AC,2048.0,12.72,2035.28,99.38,2.0,2048,high,38,256,264.42,False,0
bench_P1_phone_numbers_python_baseline,P1_phone_numbers,1060_A. Phone Numbers,Greedy & Strings,PYTHON,Baseline,AC,2048.0,10.33,2037.67,99.5,2.0,2048,high,25,243,249.85,False,0
bench_P1_phone_numbers_python_predictive,P1_phone_numbers,1060_A. Phone Numbers,Greedy & Strings,PYTHON,Predictive,AC,256.0,8.83,247.17,96.55,1.0,1024,low,29,262,269.04,False,0
bench_P1_phone_numbers_python_reactive,P1_phone_numbers,1060_A. Phone Numbers,Greedy & Strings,PYTHON,Reactive,AC,256.0,9.75,246.25,96.19,1.0,1024,low,26,254,263.09,False,0
bench_P1_phone_numbers_python_hybrid,P1_phone_numbers,1060_A. Phone Numbers,Greedy & Strings,PYTHON,Hybrid,AC,256.0,9.82,246.18,96.17,1.0,1024,low,27,251,257.0,False,0
bench_P1_phone_numbers_cpp_baseline,P1_phone_numbers,1060_A. Phone Numbers,Greedy & Strings,CPP,Baseline,AC,2048.0,7.03,2040.97,99.66,2.0,2048,high,17,1082,1088.25,False,0
bench_P1_phone_numbers_cpp_predictive,P1_phone_numbers,1060_A. Phone Numbers,Greedy & Strings,CPP,Predictive,AC,256.0,6.21,249.79,97.57,1.0,1024,low,18,1039,1045.67,False,0
bench_P1_phone_numbers_cpp_reactive,P1_phone_numbers,1060_A. Phone Numbers,Greedy & Strings,CPP,Reactive,AC,256.0,6.75,249.25,97.36,1.0,1024,low,17,1032,1038.41,False,0
bench_P1_phone_numbers_cpp_hybrid,P1_phone_numbers,1060_A. Phone Numbers,Greedy & Strings,CPP,Hybrid,AC,256.0,6.48,249.52,97.47,1.0,1024,low,17,1044,1050.9,False,0
bench_P1_phone_numbers_java_baseline,P1_phone_numbers,1060_A. Phone Numbers,Greedy & Strings,JAVA,Baseline,AC,2048.0,24.28,2023.72,98.81,2.0,2048,high,62,596,600.03,False,0
bench_P1_phone_numbers_java_predictive,P1_phone_numbers,1060_A. Phone Numbers,Greedy & Strings,JAVA,Predictive,AC,2048.0,24.23,2023.77,98.82,2.0,2048,high,60,584,591.14,False,0
bench_P1_phone_numbers_java_reactive,P1_phone_numbers,1060_A. Phone Numbers,Greedy & Strings,JAVA,Reactive,AC,256.0,20.49,235.51,92.0,1.0,1024,low,68,791,798.59,False,0
bench_P1_phone_numbers_java_hybrid,P1_phone_numbers,1060_A. Phone Numbers,Greedy & Strings,JAVA,Hybrid,AC,2048.0,24.41,2023.59,98.81,2.0,2048,high,62,615,621.96,False,0
bench_P2_min_integer_python_baseline,P2_min_integer,1101_A. Minimum Integer,Number Theory,PYTHON,Baseline,AC,2048.0,10.15,2037.85,99.5,2.0,2048,high,28,247,253.79,False,0
bench_P2_min_integer_python_predictive,P2_min_integer,1101_A. Minimum Integer,Number Theory,PYTHON,Predictive,AC,256.0,9.97,246.03,96.1,1.0,1024,low,29,250,257.8,False,0
bench_P2_min_integer_python_reactive,P2_min_integer,1101_A. Minimum Integer,Number Theory,PYTHON,Reactive,AC,256.0,9.58,246.42,96.26,1.0,1024,low,25,243,250.18,False,0
bench_P2_min_integer_python_hybrid,P2_min_integer,1101_A. Minimum Integer,Number Theory,PYTHON,Hybrid,AC,256.0,9.91,246.09,96.13,1.0,1024,low,27,251,257.65,False,0
bench_P2_min_integer_java_baseline,P2_min_integer,1101_A. Minimum Integer,Number Theory,JAVA,Baseline,AC,2048.0,22.3,2025.7,98.91,2.0,2048,high,38,581,587.64,False,0
bench_P2_min_integer_java_predictive,P2_min_integer,1101_A. Minimum Integer,Number Theory,JAVA,Predictive,AC,2048.0,20.41,2027.59,99.0,2.0,2048,high,38,594,602.92,False,0
bench_P2_min_integer_java_reactive,P2_min_integer,1101_A. Minimum Integer,Number Theory,JAVA,Reactive,AC,256.0,19.3,236.7,92.46,1.0,1024,low,46,805,809.87,False,0
bench_P2_min_integer_java_hybrid,P2_min_integer,1101_A. Minimum Integer,Number Theory,JAVA,Hybrid,AC,2048.0,24.64,2023.36,98.8,2.0,2048,high,36,588,595.49,False,0
bench_P2_min_integer_cpp_baseline,P2_min_integer,1101_A. Minimum Integer,Number Theory,CPP,Baseline,AC,2048.0,6.23,2041.77,99.7,2.0,2048,high,17,1031,1035.32,False,0
bench_P2_min_integer_cpp_predictive,P2_min_integer,1101_A. Minimum Integer,Number Theory,CPP,Predictive,AC,256.0,6.19,249.81,97.58,1.0,1024,low,16,1040,1046.52,False,0
bench_P2_min_integer_cpp_reactive,P2_min_integer,1101_A. Minimum Integer,Number Theory,CPP,Reactive,AC,256.0,6.29,249.71,97.54,1.0,1024,low,17,1038,1043.3,False,0
bench_P2_min_integer_cpp_hybrid,P2_min_integer,1101_A. Minimum Integer,Number Theory,CPP,Hybrid,AC,256.0,5.95,250.05,97.68,1.0,1024,low,17,1038,1045.29,False,0
bench_P3_tree_degree_python_baseline,P3_tree_degree,1189_D1. Add on a Tree,Graph Algorithms,PYTHON,Baseline,AC,2048.0,10.1,2037.9,99.51,2.0,2048,high,26,241,247.27,False,0
bench_P3_tree_degree_python_predictive,P3_tree_degree,1189_D1. Add on a Tree,Graph Algorithms,PYTHON,Predictive,AC,256.0,10.2,245.8,96.01,1.0,1024,low,29,238,245.2,False,0
bench_P3_tree_degree_python_reactive,P3_tree_degree,1189_D1. Add on a Tree,Graph Algorithms,PYTHON,Reactive,AC,256.0,8.84,247.16,96.55,1.0,1024,low,26,236,241.06,False,0
bench_P3_tree_degree_python_hybrid,P3_tree_degree,1189_D1. Add on a Tree,Graph Algorithms,PYTHON,Hybrid,AC,256.0,9.77,246.23,96.18,1.0,1024,low,27,241,246.29,False,0
bench_P3_tree_degree_java_baseline,P3_tree_degree,1189_D1. Add on a Tree,Graph Algorithms,JAVA,Baseline,AC,2048.0,23.14,2024.86,98.87,2.0,2048,high,36,601,607.74,False,0
bench_P3_tree_degree_java_predictive,P3_tree_degree,1189_D1. Add on a Tree,Graph Algorithms,JAVA,Predictive,AC,2048.0,25.17,2022.83,98.77,2.0,2048,high,38,610,619.14,False,0
bench_P3_tree_degree_java_reactive,P3_tree_degree,1189_D1. Add on a Tree,Graph Algorithms,JAVA,Reactive,AC,256.0,22.0,234.0,91.41,1.0,1024,low,46,849,854.54,False,0
bench_P3_tree_degree_java_hybrid,P3_tree_degree,1189_D1. Add on a Tree,Graph Algorithms,JAVA,Hybrid,AC,2048.0,24.95,2023.05,98.78,2.0,2048,high,39,607,616.89,False,0
bench_P3_tree_degree_cpp_baseline,P3_tree_degree,1189_D1. Add on a Tree,Graph Algorithms,CPP,Baseline,AC,2048.0,6.23,2041.77,99.7,2.0,2048,high,18,1147,1154.91,False,0
bench_P3_tree_degree_cpp_predictive,P3_tree_degree,1189_D1. Add on a Tree,Graph Algorithms,CPP,Predictive,AC,2048.0,6.37,2041.63,99.69,2.0,2048,high,19,1134,1146.31,False,0
bench_P3_tree_degree_cpp_reactive,P3_tree_degree,1189_D1. Add on a Tree,Graph Algorithms,CPP,Reactive,AC,256.0,6.4,249.6,97.5,1.0,1024,low,19,1121,1128.21,False,0
bench_P3_tree_degree_cpp_hybrid,P3_tree_degree,1189_D1. Add on a Tree,Graph Algorithms,CPP,Hybrid,AC,2048.0,6.02,2041.98,99.71,2.0,2048,high,17,1128,1138.51,False,0
bench_P1_prefix_sums_c_baseline,P1_prefix_sums,Prefix Sums (Light C),Data Structures,C,Baseline,AC,2048.0,53.58,1994.42,97.38,2.0,2048,high,23,338,347.94,False,0
bench_P1_prefix_sums_c_predictive,P1_prefix_sums,Prefix Sums (Light C),Data Structures,C,Predictive,AC,2048.0,21.26,2026.74,98.96,2.0,2048,high,22,295,302.89,False,0
bench_P1_prefix_sums_c_reactive,P1_prefix_sums,Prefix Sums (Light C),Data Structures,C,Reactive,AC,256.0,18.07,237.93,92.94,1.0,1024,low,22,290,294.39,False,0
bench_P1_prefix_sums_c_hybrid,P1_prefix_sums,Prefix Sums (Light C),Data Structures,C,Hybrid,AC,2048.0,20.27,2027.73,99.01,2.0,2048,high,22,296,304.4,False,0
bench_P3_floyd_warshall_c_baseline,P3_floyd_warshall,Floyd-Warshall (CPU C),Graph Algorithms,C,Baseline,AC,2048.0,6.68,2041.32,99.67,2.0,2048,high,60,342,347.31,False,0
bench_P3_floyd_warshall_c_predictive,P3_floyd_warshall,Floyd-Warshall (CPU C),Graph Algorithms,C,Predictive,AC,256.0,6.4,249.6,97.5,1.0,1024,low,60,352,358.95,False,0
bench_P3_floyd_warshall_c_reactive,P3_floyd_warshall,Floyd-Warshall (CPU C),Graph Algorithms,C,Reactive,AC,256.0,6.35,249.65,97.52,1.0,1024,low,62,345,350.72,False,0
bench_P3_floyd_warshall_c_hybrid,P3_floyd_warshall,Floyd-Warshall (CPU C),Graph Algorithms,C,Hybrid,AC,256.0,6.79,249.21,97.35,1.0,1024,low,58,335,342.33,False,0
bench_P5_knapsack_2d_dp_cpp_baseline,P5_knapsack_2d_dp,0-1 Knapsack 2D DP (Memory-Heavy),Dynamic Programming,CPP,Baseline,AC,2048.0,202.78,1845.22,90.1,2.0,2048,high,183,634,638.25,False,0
bench_P5_knapsack_2d_dp_cpp_predictive,P5_knapsack_2d_dp,0-1 Knapsack 2D DP (Memory-Heavy),Dynamic Programming,CPP,Predictive,AC,256.0,204.59,51.41,20.08,1.0,1024,low,188,640,649.22,False,0
bench_P5_knapsack_2d_dp_cpp_reactive,P5_knapsack_2d_dp,0-1 Knapsack 2D DP (Memory-Heavy),Dynamic Programming,CPP,Reactive,AC,2048.0,203.72,1844.28,90.05,2.0,2048,low,191,623,629.17,True,558
bench_P5_knapsack_2d_dp_cpp_hybrid,P5_knapsack_2d_dp,0-1 Knapsack 2D DP (Memory-Heavy),Dynamic Programming,CPP,Hybrid,AC,2048.0,204.3,1843.7,90.02,2.0,2048,low,195,641,648.59,True,579
bench_P5_knapsack_2d_dp_python_baseline,P5_knapsack_2d_dp,0-1 Knapsack 2D DP (Memory-Heavy),Dynamic Programming,PYTHON,Baseline,AC,2048.0,221.43,1826.57,89.19,2.0,2048,high,98,334,359.21,False,0
bench_P5_knapsack_2d_dp_python_predictive,P5_knapsack_2d_dp,0-1 Knapsack 2D DP (Memory-Heavy),Dynamic Programming,PYTHON,Predictive,AC,256.0,221.52,34.48,13.47,1.0,1024,low,99,335,341.53,False,0
bench_P5_knapsack_2d_dp_python_reactive,P5_knapsack_2d_dp,0-1 Knapsack 2D DP (Memory-Heavy),Dynamic Programming,PYTHON,Reactive,AC,2048.0,220.58,1827.42,89.23,2.0,2048,low,115,333,341.1,True,259
bench_P5_knapsack_2d_dp_python_hybrid,P5_knapsack_2d_dp,0-1 Knapsack 2D DP (Memory-Heavy),Dynamic Programming,PYTHON,Hybrid,AC,2048.0,220.45,1827.55,89.24,2.0,2048,low,116,342,346.67,True,274
bench_P5_knapsack_2d_dp_java_baseline,P5_knapsack_2d_dp,0-1 Knapsack 2D DP (Memory-Heavy),Dynamic Programming,JAVA,Baseline,AC,2048.0,253.57,1794.43,87.62,2.0,2048,high,247,684,690.26,False,0
bench_P5_knapsack_2d_dp_java_predictive,P5_knapsack_2d_dp,0-1 Knapsack 2D DP (Memory-Heavy),Dynamic Programming,JAVA,Predictive,AC,256.0,256.07,0.0,0.0,1.0,1024,low,307,1014,1019.56,False,0
bench_P5_knapsack_2d_dp_java_reactive,P5_knapsack_2d_dp,0-1 Knapsack 2D DP (Memory-Heavy),Dynamic Programming,JAVA,Reactive,AC,2048.0,256.0,1792.0,87.5,2.0,2048,low,317,1040,1045.72,True,776
bench_P5_knapsack_2d_dp_java_hybrid,P5_knapsack_2d_dp,0-1 Knapsack 2D DP (Memory-Heavy),Dynamic Programming,JAVA,Hybrid,AC,2048.0,256.0,1792.0,87.5,2.0,2048,low,367,1198,1205.45,True,802
bench_P5_knapsack_2d_dp_c_baseline,P5_knapsack_2d_dp,0-1 Knapsack 2D DP (Memory-Heavy),Dynamic Programming,C,Baseline,AC,2048.0,201.66,1846.34,90.15,2.0,2048,high,72,368,374.48,False,0
bench_P5_knapsack_2d_dp_c_predictive,P5_knapsack_2d_dp,0-1 Knapsack 2D DP (Memory-Heavy),Dynamic Programming,C,Predictive,AC,256.0,204.98,51.02,19.93,1.0,1024,low,69,363,370.03,False,0
bench_P5_knapsack_2d_dp_c_reactive,P5_knapsack_2d_dp,0-1 Knapsack 2D DP (Memory-Heavy),Dynamic Programming,C,Reactive,AC,2048.0,176.93,1871.07,91.36,2.0,2048,low,74,357,367.35,True,301
bench_P5_knapsack_2d_dp_c_hybrid,P5_knapsack_2d_dp,0-1 Knapsack 2D DP (Memory-Heavy),Dynamic Programming,C,Hybrid,AC,2048.0,170.91,1877.09,91.65,2.0,2048,low,68,350,358.42,True,290
