Language,Strategy,Submissions,Share_Pct,Total_Allocated_GB,Total_Used_GB,Total_Wasted_GB,Wasted_Percentage,Memory_Saved_vs_Baseline_GB,Memory_Savings_Pct,Avg_Allocated_Cores,Total_Core_Hours,Avg_CPU_Time_ms,Avg_Container_Wall_ms,Avg_E2E_Request_To_Verdict_ms,P95_Turnaround_ms,Live_Promotions,Promotion_Rate_Pct
C,Baseline,444,4.4,888.0,24.14,863.86,97.28,0.0,0.0,2.0,0.079,37.4,319.0,325.5,426.8,0,0.0
C,Predictive,444,4.4,612.38,17.27,595.19,97.19,275.62,31.04,1.67,0.065,33.0,326.8,332.9,426.1,0,0.0
C,Reactive,444,4.4,222.38,17.53,204.85,92.12,665.62,74.96,1.2,0.049,39.7,314.7,321.5,430.6,89,20.0
C,Hybrid,444,4.4,779.25,16.7,762.55,97.86,108.75,12.25,1.87,0.075,31.8,325.0,332.0,446.8,89,20.0
CPP,Baseline,5012,50.1,10024.0,227.87,9796.13,97.73,0.0,0.0,2.0,2.809,50.7,1009.0,1014.6,1204.7,0,0.0
CPP,Predictive,5012,50.1,5767.75,144.93,5623.64,97.5,4256.25,42.46,1.55,1.91,34.3,742.6,940.0,1207.4,0,0.0
CPP,Reactive,5012,50.1,5149.0,136.49,5012.51,97.35,4875.0,48.63,1.48,1.224,30.1,439.6,840.6,1200.2,1020,20.4
CPP,Hybrid,5012,50.1,7680.25,145.01,7535.24,98.11,2343.75,23.38,1.75,2.082,35.9,747.7,946.2,1207.9,1020,20.4
JAVA,Baseline,1512,15.1,3024.0,99.02,2924.98,96.73,0.0,0.0,2.0,0.651,79.3,775.2,782.9,1199.2,0,0.0
JAVA,Predictive,1512,15.1,2433.38,58.83,2374.81,97.59,590.62,19.53,1.79,0.603,45.0,806.8,816.1,1201.3,0,0.0
JAVA,Reactive,1512,15.1,1565.25,57.06,1508.19,96.35,1458.75,48.24,1.49,0.604,51.3,927.9,934.9,1201.3,315,20.8
JAVA,Hybrid,1512,15.1,3024.0,54.12,2969.88,98.21,0.0,0.0,2.0,0.674,50.8,801.9,810.2,1200.4,315,20.8
PYTHON,Baseline,3032,30.3,6064.0,152.45,5911.55,97.49,0.0,0.0,2.0,0.861,38.6,511.0,516.7,1199.9,0,0.0
PYTHON,Predictive,3032,30.3,2685.25,97.88,2587.94,96.38,3378.75,55.72,1.41,0.732,32.2,512.1,519.7,1201.7,0,0.0
PYTHON,Reactive,3032,30.3,3077.12,84.37,2992.76,97.26,2986.88,49.26,1.47,0.755,37.9,512.4,519.2,1202.0,608,20.1
PYTHON,Hybrid,3032,30.3,3825.25,97.5,3727.75,97.45,2238.75,36.92,1.61,0.796,33.1,520.0,526.8,1199.9,608,20.1
