submission_id,problem_id,problem_name,category,language,strategy,verdict,allocated_mb,used_mb,wasted_mb,wasted_pct,allocated_cpu_cores,cpu_shares,cpu_time_ms,container_wall_ms,e2e_request_to_verdict_ms,tier_started,tier_promoted,promotion_time_ms
bench_P4_trips_bfs_cpp_baseline,P4_trips_bfs,1037_E. Trips,Graph Traversal,CPP,Baseline,AC,2048.0,6.5,2041.5,99.68,2.0,2048,17,1202,1208.38,high,False,0
bench_P4_trips_bfs_cpp_predictive,P4_trips_bfs,1037_E. Trips,Graph Traversal,CPP,Predictive,AC,128.0,6.67,121.33,94.79,1.0,1024,19,1335,1345.05,high,False,0
bench_P4_trips_bfs_cpp_reactive,P4_trips_bfs,1037_E. Trips,Graph Traversal,CPP,Reactive,AC,128.0,5.82,122.18,95.46,1.0,1024,18,1395,1400.41,low,False,0
bench_P4_trips_bfs_cpp_hybrid,P4_trips_bfs,1037_E. Trips,Graph Traversal,CPP,Hybrid,AC,128.0,6.34,121.66,95.05,1.0,1024,16,1262,1270.16,high,False,0
bench_P4_trips_bfs_java_baseline,P4_trips_bfs,1037_E. Trips,Graph Traversal,JAVA,Baseline,AC,2048.0,21.3,2026.7,98.96,2.0,2048,43,737,744.14,high,False,0
bench_P4_trips_bfs_java_predictive,P4_trips_bfs,1037_E. Trips,Graph Traversal,JAVA,Predictive,AC,128.0,21.76,106.24,83.0,1.0,1024,44,667,679.34,high,False,0
bench_P4_trips_bfs_java_reactive,P4_trips_bfs,1037_E. Trips,Graph Traversal,JAVA,Reactive,AC,128.0,18.86,109.14,85.27,1.0,1024,54,997,1003.2,low,False,0
bench_P4_trips_bfs_java_hybrid,P4_trips_bfs,1037_E. Trips,Graph Traversal,JAVA,Hybrid,AC,128.0,24.17,103.83,81.12,1.0,1024,42,618,629.68,high,False,0
bench_P4_trips_bfs_python_baseline,P4_trips_bfs,1037_E. Trips,Graph Traversal,PYTHON,Baseline,AC,2048.0,10.06,2037.94,99.51,2.0,2048,39,268,273.83,high,False,0
bench_P4_trips_bfs_python_predictive,P4_trips_bfs,1037_E. Trips,Graph Traversal,PYTHON,Predictive,AC,128.0,10.81,117.19,91.56,1.0,1024,38,259,267.8,high,False,0
bench_P4_trips_bfs_python_reactive,P4_trips_bfs,1037_E. Trips,Graph Traversal,PYTHON,Reactive,AC,128.0,12.56,115.44,90.19,1.0,1024,40,274,282.52,low,False,0
bench_P4_trips_bfs_python_hybrid,P4_trips_bfs,1037_E. Trips,Graph Traversal,PYTHON,Hybrid,AC,128.0,9.54,118.46,92.55,1.0,1024,39,281,289.97,high,False,0
bench_P1_phone_numbers_python_baseline,P1_phone_numbers,1060_A. Phone Numbers,Greedy & Strings,PYTHON,Baseline,AC,2048.0,9.41,2038.59,99.54,2.0,2048,26,263,269.44,high,False,0
bench_P1_phone_numbers_python_predictive,P1_phone_numbers,1060_A. Phone Numbers,Greedy & Strings,PYTHON,Predictive,AC,128.0,9.93,118.07,92.25,1.0,1024,26,294,300.85,low,False,0
bench_P1_phone_numbers_python_reactive,P1_phone_numbers,1060_A. Phone Numbers,Greedy & Strings,PYTHON,Reactive,AC,128.0,6.72,121.28,94.75,1.0,1024,26,343,350.14,low,False,0
bench_P1_phone_numbers_python_hybrid,P1_phone_numbers,1060_A. Phone Numbers,Greedy & Strings,PYTHON,Hybrid,AC,128.0,8.3,119.7,93.52,1.0,1024,26,306,312.03,low,False,0
bench_P1_phone_numbers_cpp_baseline,P1_phone_numbers,1060_A. Phone Numbers,Greedy & Strings,CPP,Baseline,AC,2048.0,6.01,2041.99,99.71,2.0,2048,19,1566,1571.29,high,False,0
bench_P1_phone_numbers_cpp_predictive,P1_phone_numbers,1060_A. Phone Numbers,Greedy & Strings,CPP,Predictive,AC,128.0,6.1,121.9,95.24,1.0,1024,19,1566,1572.22,low,False,0
bench_P1_phone_numbers_cpp_reactive,P1_phone_numbers,1060_A. Phone Numbers,Greedy & Strings,CPP,Reactive,AC,128.0,6.88,121.12,94.63,1.0,1024,17,1427,1434.17,low,False,0
bench_P1_phone_numbers_cpp_hybrid,P1_phone_numbers,1060_A. Phone Numbers,Greedy & Strings,CPP,Hybrid,AC,128.0,5.71,122.29,95.54,1.0,1024,18,1325,1344.65,low,False,0
bench_P1_phone_numbers_java_baseline,P1_phone_numbers,1060_A. Phone Numbers,Greedy & Strings,JAVA,Baseline,AC,2048.0,22.25,2025.75,98.91,2.0,2048,82,750,776.9,high,False,0
bench_P1_phone_numbers_java_predictive,P1_phone_numbers,1060_A. Phone Numbers,Greedy & Strings,JAVA,Predictive,AC,128.0,23.1,104.9,81.95,1.0,1024,61,743,769.26,high,False,0
bench_P1_phone_numbers_java_reactive,P1_phone_numbers,1060_A. Phone Numbers,Greedy & Strings,JAVA,Reactive,AC,128.0,20.02,107.98,84.36,1.0,1024,71,891,918.4,low,False,0
bench_P1_phone_numbers_java_hybrid,P1_phone_numbers,1060_A. Phone Numbers,Greedy & Strings,JAVA,Hybrid,AC,128.0,22.36,105.64,82.53,1.0,1024,61,681,688.08,high,False,0
bench_P2_min_integer_python_baseline,P2_min_integer,1101_A. Minimum Integer,Number Theory,PYTHON,Baseline,AC,2048.0,6.28,2041.72,99.69,2.0,2048,36,268,271.84,high,False,0
bench_P2_min_integer_python_predictive,P2_min_integer,1101_A. Minimum Integer,Number Theory,PYTHON,Predictive,AC,128.0,10.02,117.98,92.17,1.0,1024,31,263,267.85,low,False,0
bench_P2_min_integer_python_reactive,P2_min_integer,1101_A. Minimum Integer,Number Theory,PYTHON,Reactive,AC,128.0,8.3,119.7,93.52,1.0,1024,30,271,274.9,low,False,0
bench_P2_min_integer_python_hybrid,P2_min_integer,1101_A. Minimum Integer,Number Theory,PYTHON,Hybrid,AC,128.0,9.57,118.43,92.52,1.0,1024,27,260,266.84,low,False,0
bench_P2_min_integer_java_baseline,P2_min_integer,1101_A. Minimum Integer,Number Theory,JAVA,Baseline,AC,2048.0,20.68,2027.32,98.99,2.0,2048,46,618,624.46,high,False,0
bench_P2_min_integer_java_predictive,P2_min_integer,1101_A. Minimum Integer,Number Theory,JAVA,Predictive,AC,128.0,20.93,107.07,83.65,1.0,1024,39,629,639.73,high,False,0
bench_P2_min_integer_java_reactive,P2_min_integer,1101_A. Minimum Integer,Number Theory,JAVA,Reactive,AC,128.0,17.96,110.04,85.97,1.0,1024,54,942,946.12,low,False,0
bench_P2_min_integer_java_hybrid,P2_min_integer,1101_A. Minimum Integer,Number Theory,JAVA,Hybrid,AC,128.0,20.46,107.54,84.02,1.0,1024,46,690,699.54,high,False,0
bench_P2_min_integer_cpp_baseline,P2_min_integer,1101_A. Minimum Integer,Number Theory,CPP,Baseline,AC,2048.0,5.92,2042.08,99.71,2.0,2048,22,1150,1154.34,high,False,0
bench_P2_min_integer_cpp_predictive,P2_min_integer,1101_A. Minimum Integer,Number Theory,CPP,Predictive,AC,128.0,5.47,122.53,95.72,1.0,1024,19,1229,1236.64,low,False,0
bench_P2_min_integer_cpp_reactive,P2_min_integer,1101_A. Minimum Integer,Number Theory,CPP,Reactive,AC,128.0,5.77,122.23,95.49,1.0,1024,19,1205,1209.27,low,False,0
bench_P2_min_integer_cpp_hybrid,P2_min_integer,1101_A. Minimum Integer,Number Theory,CPP,Hybrid,AC,128.0,6.08,121.92,95.25,1.0,1024,18,1169,1176.57,low,False,0
bench_P3_tree_degree_python_baseline,P3_tree_degree,1189_D1. Add on a Tree,Graph Algorithms,PYTHON,Baseline,AC,2048.0,9.5,2038.5,99.54,2.0,2048,27,258,264.12,high,False,0
bench_P3_tree_degree_python_predictive,P3_tree_degree,1189_D1. Add on a Tree,Graph Algorithms,PYTHON,Predictive,AC,128.0,9.89,118.11,92.27,1.0,1024,27,254,261.46,low,False,0
bench_P3_tree_degree_python_reactive,P3_tree_degree,1189_D1. Add on a Tree,Graph Algorithms,PYTHON,Reactive,AC,128.0,10.21,117.79,92.02,1.0,1024,28,253,259.67,low,False,0
bench_P3_tree_degree_python_hybrid,P3_tree_degree,1189_D1. Add on a Tree,Graph Algorithms,PYTHON,Hybrid,AC,128.0,10.02,117.98,92.17,1.0,1024,27,253,259.46,low,False,0
bench_P3_tree_degree_java_baseline,P3_tree_degree,1189_D1. Add on a Tree,Graph Algorithms,JAVA,Baseline,AC,2048.0,20.54,2027.46,99.0,2.0,2048,39,625,632.09,high,False,0
bench_P3_tree_degree_java_predictive,P3_tree_degree,1189_D1. Add on a Tree,Graph Algorithms,JAVA,Predictive,AC,128.0,20.88,107.12,83.69,1.0,1024,37,628,637.42,high,False,0
bench_P3_tree_degree_java_reactive,P3_tree_degree,1189_D1. Add on a Tree,Graph Algorithms,JAVA,Reactive,AC,128.0,18.79,109.21,85.32,1.0,1024,58,967,972.79,low,False,0
bench_P3_tree_degree_java_hybrid,P3_tree_degree,1189_D1. Add on a Tree,Graph Algorithms,JAVA,Hybrid,AC,128.0,21.1,106.9,83.52,1.0,1024,42,649,658.71,high,False,0
bench_P3_tree_degree_cpp_baseline,P3_tree_degree,1189_D1. Add on a Tree,Graph Algorithms,CPP,Baseline,AC,2048.0,5.79,2042.21,99.72,2.0,2048,17,1199,1209.83,high,False,0
bench_P3_tree_degree_cpp_predictive,P3_tree_degree,1189_D1. Add on a Tree,Graph Algorithms,CPP,Predictive,AC,128.0,6.05,121.95,95.28,1.0,1024,18,1190,1197.97,high,False,0
bench_P3_tree_degree_cpp_reactive,P3_tree_degree,1189_D1. Add on a Tree,Graph Algorithms,CPP,Reactive,AC,128.0,5.34,122.66,95.83,1.0,1024,18,1298,1303.83,low,False,0
bench_P3_tree_degree_cpp_hybrid,P3_tree_degree,1189_D1. Add on a Tree,Graph Algorithms,CPP,Hybrid,AC,128.0,6.23,121.77,95.13,1.0,1024,20,1190,1198.54,high,False,0
bench_P1_prefix_sums_c_baseline,P1_prefix_sums,Prefix Sums (Light C),Data Structures,C,Baseline,AC,2048.0,18.04,2029.96,99.12,2.0,2048,23,312,317.81,high,False,0
bench_P1_prefix_sums_c_predictive,P1_prefix_sums,Prefix Sums (Light C),Data Structures,C,Predictive,AC,128.0,16.06,111.94,87.45,1.0,1024,25,313,320.65,high,False,0
bench_P1_prefix_sums_c_reactive,P1_prefix_sums,Prefix Sums (Light C),Data Structures,C,Reactive,AC,128.0,19.23,108.77,84.97,1.0,1024,22,312,318.84,low,False,0
bench_P1_prefix_sums_c_hybrid,P1_prefix_sums,Prefix Sums (Light C),Data Structures,C,Hybrid,AC,128.0,19.87,108.13,84.48,1.0,1024,25,317,325.27,high,False,0
bench_P3_floyd_warshall_c_baseline,P3_floyd_warshall,Floyd-Warshall (CPU C),Graph Algorithms,C,Baseline,AC,2048.0,6.31,2041.69,99.69,2.0,2048,60,348,354.1,high,False,0
bench_P3_floyd_warshall_c_predictive,P3_floyd_warshall,Floyd-Warshall (CPU C),Graph Algorithms,C,Predictive,AC,128.0,6.33,121.67,95.06,1.0,1024,58,365,372.07,low,False,0
bench_P3_floyd_warshall_c_reactive,P3_floyd_warshall,Floyd-Warshall (CPU C),Graph Algorithms,C,Reactive,AC,128.0,6.05,121.95,95.27,1.0,1024,59,353,359.64,low,False,0
bench_P3_floyd_warshall_c_hybrid,P3_floyd_warshall,Floyd-Warshall (CPU C),Graph Algorithms,C,Hybrid,AC,128.0,6.27,121.73,95.1,1.0,1024,65,343,350.67,low,False,0
bench_P5_knapsack_2d_dp_cpp_baseline,P5_knapsack_2d_dp,0-1 Knapsack 2D DP (Memory-Heavy),Dynamic Programming,CPP,Baseline,AC,2048.0,205.01,1842.99,89.99,2.0,2048,190,642,648.7,high,False,0
bench_P5_knapsack_2d_dp_cpp_predictive,P5_knapsack_2d_dp,0-1 Knapsack 2D DP (Memory-Heavy),Dynamic Programming,CPP,Predictive,AC,2048.0,128.0,1920.0,93.75,2.0,2048,258,729,735.7,low,False,0
bench_P5_knapsack_2d_dp_cpp_reactive,P5_knapsack_2d_dp,0-1 Knapsack 2D DP (Memory-Heavy),Dynamic Programming,CPP,Reactive,AC,2048.0,128.0,1920.0,93.75,2.0,2048,264,791,795.77,low,True,578
bench_P5_knapsack_2d_dp_cpp_hybrid,P5_knapsack_2d_dp,0-1 Knapsack 2D DP (Memory-Heavy),Dynamic Programming,CPP,Hybrid,AC,2048.0,128.0,1920.0,93.75,2.0,2048,267,723,729.92,low,True,500
bench_P5_knapsack_2d_dp_python_baseline,P5_knapsack_2d_dp,0-1 Knapsack 2D DP (Memory-Heavy),Dynamic Programming,PYTHON,Baseline,AC,2048.0,221.7,1826.3,89.17,2.0,2048,100,329,334.82,high,False,0
bench_P5_knapsack_2d_dp_python_predictive,P5_knapsack_2d_dp,0-1 Knapsack 2D DP (Memory-Heavy),Dynamic Programming,PYTHON,Predictive,AC,2048.0,128.0,1920.0,93.75,2.0,2048,347,581,585.52,low,False,0
bench_P5_knapsack_2d_dp_python_reactive,P5_knapsack_2d_dp,0-1 Knapsack 2D DP (Memory-Heavy),Dynamic Programming,PYTHON,Reactive,AC,2048.0,128.0,1920.0,93.75,2.0,2048,405,646,650.64,low,True,248
bench_P5_knapsack_2d_dp_python_hybrid,P5_knapsack_2d_dp,0-1 Knapsack 2D DP (Memory-Heavy),Dynamic Programming,PYTHON,Hybrid,AC,2048.0,128.0,1920.0,93.75,2.0,2048,402,645,653.15,low,True,267
bench_P5_knapsack_2d_dp_java_baseline,P5_knapsack_2d_dp,0-1 Knapsack 2D DP (Memory-Heavy),Dynamic Programming,JAVA,Baseline,AC,2048.0,253.78,1794.22,87.61,2.0,2048,289,704,710.14,high,False,0
bench_P5_knapsack_2d_dp_java_predictive,P5_knapsack_2d_dp,0-1 Knapsack 2D DP (Memory-Heavy),Dynamic Programming,JAVA,Predictive,MLE,2048.0,128.0,1920.0,93.75,2.0,2048,285,1038,1044.53,low,False,0
bench_P5_knapsack_2d_dp_java_reactive,P5_knapsack_2d_dp,0-1 Knapsack 2D DP (Memory-Heavy),Dynamic Programming,JAVA,Reactive,MLE,2048.0,128.0,1920.0,93.75,2.0,2048,247,1024,1029.85,low,True,808
bench_P5_knapsack_2d_dp_java_hybrid,P5_knapsack_2d_dp,0-1 Knapsack 2D DP (Memory-Heavy),Dynamic Programming,JAVA,Hybrid,MLE,2048.0,128.0,1920.0,93.75,2.0,2048,262,1016,1023.95,low,True,797
bench_P5_knapsack_2d_dp_c_baseline,P5_knapsack_2d_dp,0-1 Knapsack 2D DP (Memory-Heavy),Dynamic Programming,C,Baseline,AC,2048.0,199.57,1848.43,90.26,2.0,2048,74,370,375.02,high,False,0
bench_P5_knapsack_2d_dp_c_predictive,P5_knapsack_2d_dp,0-1 Knapsack 2D DP (Memory-Heavy),Dynamic Programming,C,Predictive,AC,2048.0,128.06,1919.94,93.75,2.0,2048,129,428,435.61,low,False,0
bench_P5_knapsack_2d_dp_c_reactive,P5_knapsack_2d_dp,0-1 Knapsack 2D DP (Memory-Heavy),Dynamic Programming,C,Reactive,AC,2048.0,128.0,1920.0,93.75,2.0,2048,111,388,391.94,low,True,300
bench_P5_knapsack_2d_dp_c_hybrid,P5_knapsack_2d_dp,0-1 Knapsack 2D DP (Memory-Heavy),Dynamic Programming,C,Hybrid,AC,2048.0,128.0,1920.0,93.75,2.0,2048,115,411,416.02,low,True,326
